experiment_name,run_id,run_name,status,start_time,param.model_type,param.dataset_version,param.strategy,param.random_seed,param.target_column,param.test_size,metric.recall,metric.accuracy,metric.brier_score,metric.precision,metric.f1_score,metric.roc_auc,metric.pr_auc,param.lr,param.max_epochs,param.num_features,param.optimizer,param.dropout_rate,param.weight_decay,param.batch_size,param.input_dim,param.scaling,param.hidden_dims,param.early_stopping_patience,param.cv_folds,param.use_batch_norm,param.preprocessing,param.scaling_fit_on,metric.test_pct_medium,metric.cv_recall_mean,metric.test_expected_calibration_error,metric.test_pr_auc,metric.optimal_threshold_cost,metric.val_loss,metric.test_accuracy,metric.test_churn_rate_high,metric.test_cost_fn,metric.val_f1,metric.cv_precision_std,metric.test_f1_score,metric.cv_f1_score_mean,metric.test_pct_high,metric.test_precision,metric.cv_roc_auc_std,metric.test_recall_at_250,metric.optimal_threshold_total_cost,metric.test_precision_at_100,metric.cv_brier_score_std,metric.test_precision_at_281,metric.test_recall_at_100,metric.test_recall_at_281,metric.cv_accuracy_std,metric.test_cost_fp,metric.test_capture_high,metric.cv_accuracy_mean,metric.test_capture_medium_high,metric.test_pct_low,metric.test_recall,metric.test_precision_at_140,metric.test_churn_rate_low,metric.cv_roc_auc_mean,metric.cv_brier_score_mean,metric.cv_pr_auc_std,metric.val_auc,metric.train_loss,metric.cv_pr_auc_mean,metric.cv_f1_score_std,metric.test_roc_auc,metric.test_precision_at_250,metric.test_total_cost,metric.cv_precision_mean,metric.cv_recall_std,metric.test_churn_rate_medium,metric.test_brier_score,metric.test_precision_at_500,metric.test_recall_at_70,metric.test_recall_at_500,metric.test_precision_at_70,metric.test_recall_at_140,metric.best_pr_auc,param.best_optimizer,param.best_hidden_dims,param.best_use_batch_norm,param.best_weight_decay,param.best_batch_size,param.best_lr,param.best_early_stopping_patience,param.best_scheduler_patience,param.n_trials,param.best_max_epochs,param.tuning_framework,param.best_dropout_rate,param.best_pos_weight,param.original_features,param.encoding,param.imbalance_handling,param.encoded_features,param.imputation,param.max_iter,metric.cv_f1_mean,metric.cv_f1_std
tech-challenge-dummy-baseline,48fee653489141e5b67d7815d2978614,dummy_uniform,FINISHED,2026-05-05 14:41:19,DummyClassifier,3b0bfab28a8101b4e4fdd08025a5c235,uniform,42,Churn,0.2,0.5427807486631016,0.5216773276474769,0.25,0.28794326241134754,0.376274328081557,0.5,0.2658137882018479,,,,,,,,,,,,,,,,,,,,,,,,,,,,,,,,,,,,,,,,,,,,,,,,,,,,,,,,,,,,,,,,,,,,,,,,,,,,,,,,,,,,,,,,
tech-challenge-dummy-baseline,8810fd013a23467598a460750a7cd0aa,dummy_stratified,FINISHED,2026-05-05 14:41:18,DummyClassifier,3b0bfab28a8101b4e4fdd08025a5c235,stratified,42,Churn,0.2,0.27807486631016043,0.6147832267235253,0.38521677327647474,0.2765957446808511,0.2773333333333333,0.507382060454209,0.2688119793083087,,,,,,,,,,,,,,,,,,,,,,,,,,,,,,,,,,,,,,,,,,,,,,,,,,,,,,,,,,,,,,,,,,,,,,,,,,,,,,,,,,,,,,,,
tech-challenge-dummy-baseline,36844c36e8d74870a28c50f834f41f20,dummy_most_frequent,FINISHED,2026-05-05 14:41:17,DummyClassifier,3b0bfab28a8101b4e4fdd08025a5c235,most_frequent,42,Churn,0.2,0.0,0.7341862117981521,0.2658137882018479,0.0,0.0,0.5,0.2658137882018479,,,,,,,,,,,,,,,,,,,,,,,,,,,,,,,,,,,,,,,,,,,,,,,,,,,,,,,,,,,,,,,,,,,,,,,,,,,,,,,,,,,,,,,,
tech-challenge-dummy-baseline,ca56c62c017a43b8928650e17cc22b20,dummy_uniform,FINISHED,2026-05-04 12:29:47,DummyClassifier,3b0bfab28a8101b4e4fdd08025a5c235,uniform,42,Churn,0.2,0.5427807486631016,0.5216773276474769,0.25,0.28794326241134754,0.376274328081557,0.5,0.2658137882018479,,,,,,,,,,,,,,,,,,,,,,,,,,,,,,,,,,,,,,,,,,,,,,,,,,,,,,,,,,,,,,,,,,,,,,,,,,,,,,,,,,,,,,,,
tech-challenge-dummy-baseline,f046f2309cdf4b2a903df5c5d37147fd,dummy_stratified,FINISHED,2026-05-04 12:29:47,DummyClassifier,3b0bfab28a8101b4e4fdd08025a5c235,stratified,42,Churn,0.2,0.27807486631016043,0.6147832267235253,0.38521677327647474,0.2765957446808511,0.2773333333333333,0.507382060454209,0.2688119793083087,,,,,,,,,,,,,,,,,,,,,,,,,,,,,,,,,,,,,,,,,,,,,,,,,,,,,,,,,,,,,,,,,,,,,,,,,,,,,,,,,,,,,,,,
tech-challenge-dummy-baseline,3ce970a615434718b0ea0734f25cf493,dummy_most_frequent,FINISHED,2026-05-04 12:29:45,DummyClassifier,3b0bfab28a8101b4e4fdd08025a5c235,most_frequent,42,Churn,0.2,0.0,0.7341862117981521,0.2658137882018479,0.0,0.0,0.5,0.2658137882018479,,,,,,,,,,,,,,,,,,,,,,,,,,,,,,,,,,,,,,,,,,,,,,,,,,,,,,,,,,,,,,,,,,,,,,,,,,,,,,,,,,,,,,,,
tech-challenge-dummy-baseline,bb3e4713194c47db94523127a5fb9d11,dummy_uniform,FINISHED,2026-05-04 12:09:53,DummyClassifier,3b0bfab28a8101b4e4fdd08025a5c235,uniform,42,Churn,0.2,0.5427807486631016,0.5216773276474769,0.25,0.28794326241134754,0.376274328081557,0.5,0.2658137882018479,,,,,,,,,,,,,,,,,,,,,,,,,,,,,,,,,,,,,,,,,,,,,,,,,,,,,,,,,,,,,,,,,,,,,,,,,,,,,,,,,,,,,,,,
tech-challenge-dummy-baseline,f9399e98e42641e287936f7d49166ac3,dummy_stratified,FINISHED,2026-05-04 12:09:52,DummyClassifier,3b0bfab28a8101b4e4fdd08025a5c235,stratified,42,Churn,0.2,0.27807486631016043,0.6147832267235253,0.38521677327647474,0.2765957446808511,0.2773333333333333,0.507382060454209,0.2688119793083087,,,,,,,,,,,,,,,,,,,,,,,,,,,,,,,,,,,,,,,,,,,,,,,,,,,,,,,,,,,,,,,,,,,,,,,,,,,,,,,,,,,,,,,,
tech-challenge-dummy-baseline,53ae0b3604f4402396f1d11c59d713c4,dummy_most_frequent,FINISHED,2026-05-04 12:09:50,DummyClassifier,3b0bfab28a8101b4e4fdd08025a5c235,most_frequent,42,Churn,0.2,0.0,0.7341862117981521,0.2658137882018479,0.0,0.0,0.5,0.2658137882018479,,,,,,,,,,,,,,,,,,,,,,,,,,,,,,,,,,,,,,,,,,,,,,,,,,,,,,,,,,,,,,,,,,,,,,,,,,,,,,,,,,,,,,,,
tech-challenge-dummy-baseline,f9c81587c5dc4a5095c5550b18f64a28,dummy_uniform,FINISHED,2026-05-02 20:56:13,DummyClassifier,3b0bfab28a8101b4e4fdd08025a5c235,uniform,42,Churn,0.2,0.5427807486631016,0.5216773276474769,0.25,0.28794326241134754,0.376274328081557,0.5,0.2658137882018479,,,,,,,,,,,,,,,,,,,,,,,,,,,,,,,,,,,,,,,,,,,,,,,,,,,,,,,,,,,,,,,,,,,,,,,,,,,,,,,,,,,,,,,,
tech-challenge-dummy-baseline,a0c3b2a97b2f4690a105362fb366e9d2,dummy_stratified,FINISHED,2026-05-02 20:56:13,DummyClassifier,3b0bfab28a8101b4e4fdd08025a5c235,stratified,42,Churn,0.2,0.27807486631016043,0.6147832267235253,0.38521677327647474,0.2765957446808511,0.2773333333333333,0.507382060454209,0.2688119793083087,,,,,,,,,,,,,,,,,,,,,,,,,,,,,,,,,,,,,,,,,,,,,,,,,,,,,,,,,,,,,,,,,,,,,,,,,,,,,,,,,,,,,,,,
tech-challenge-dummy-baseline,ef9eae1c4b69430d9dcb114936ecbcaa,dummy_most_frequent,FINISHED,2026-05-02 20:56:10,DummyClassifier,3b0bfab28a8101b4e4fdd08025a5c235,most_frequent,42,Churn,0.2,0.0,0.7341862117981521,0.2658137882018479,0.0,0.0,0.5,0.2658137882018479,,,,,,,,,,,,,,,,,,,,,,,,,,,,,,,,,,,,,,,,,,,,,,,,,,,,,,,,,,,,,,,,,,,,,,,,,,,,,,,,,,,,,,,,
tech-challenge-dummy-baseline,dffc0422bb2c4f21b70115a61d36ac17,dummy_uniform,FINISHED,2026-05-02 20:39:12,DummyClassifier,3b0bfab28a8101b4e4fdd08025a5c235,uniform,42,Churn,0.2,0.5427807486631016,0.5216773276474769,0.25,0.28794326241134754,0.376274328081557,0.5,0.2658137882018479,,,,,,,,,,,,,,,,,,,,,,,,,,,,,,,,,,,,,,,,,,,,,,,,,,,,,,,,,,,,,,,,,,,,,,,,,,,,,,,,,,,,,,,,
tech-challenge-dummy-baseline,c0d392040dd148eea6dea1d879390551,dummy_stratified,FINISHED,2026-05-02 20:39:12,DummyClassifier,3b0bfab28a8101b4e4fdd08025a5c235,stratified,42,Churn,0.2,0.27807486631016043,0.6147832267235253,0.38521677327647474,0.2765957446808511,0.2773333333333333,0.507382060454209,0.2688119793083087,,,,,,,,,,,,,,,,,,,,,,,,,,,,,,,,,,,,,,,,,,,,,,,,,,,,,,,,,,,,,,,,,,,,,,,,,,,,,,,,,,,,,,,,
tech-challenge-dummy-baseline,1564af85e1c44725a3ceb9dab4e41378,dummy_most_frequent,FINISHED,2026-05-02 20:39:10,DummyClassifier,3b0bfab28a8101b4e4fdd08025a5c235,most_frequent,42,Churn,0.2,0.0,0.7341862117981521,0.2658137882018479,0.0,0.0,0.5,0.2658137882018479,,,,,,,,,,,,,,,,,,,,,,,,,,,,,,,,,,,,,,,,,,,,,,,,,,,,,,,,,,,,,,,,,,,,,,,,,,,,,,,,,,,,,,,,
tech-challenge-dummy-baseline,78ac15aafdd34a30b4dd1ce2dc1a423e,dummy_uniform,FINISHED,2026-05-02 20:18:37,DummyClassifier,3b0bfab28a8101b4e4fdd08025a5c235,uniform,42,Churn,0.2,0.5427807486631016,0.5216773276474769,0.25,0.28794326241134754,0.376274328081557,0.5,0.2658137882018479,,,,,,,,,,,,,,,,,,,,,,,,,,,,,,,,,,,,,,,,,,,,,,,,,,,,,,,,,,,,,,,,,,,,,,,,,,,,,,,,,,,,,,,,
tech-challenge-dummy-baseline,8b0a320751834bc9b30376e9a5b24f69,dummy_stratified,FINISHED,2026-05-02 20:18:36,DummyClassifier,3b0bfab28a8101b4e4fdd08025a5c235,stratified,42,Churn,0.2,0.27807486631016043,0.6147832267235253,0.38521677327647474,0.2765957446808511,0.2773333333333333,0.507382060454209,0.2688119793083087,,,,,,,,,,,,,,,,,,,,,,,,,,,,,,,,,,,,,,,,,,,,,,,,,,,,,,,,,,,,,,,,,,,,,,,,,,,,,,,,,,,,,,,,
tech-challenge-dummy-baseline,98f3af6ef93344c2afc6309f487b1def,dummy_most_frequent,FINISHED,2026-05-02 20:18:35,DummyClassifier,3b0bfab28a8101b4e4fdd08025a5c235,most_frequent,42,Churn,0.2,0.0,0.7341862117981521,0.2658137882018479,0.0,0.0,0.5,0.2658137882018479,,,,,,,,,,,,,,,,,,,,,,,,,,,,,,,,,,,,,,,,,,,,,,,,,,,,,,,,,,,,,,,,,,,,,,,,,,,,,,,,,,,,,,,,
tech-challenge-dummy-baseline,1f9dfbb8f27d4afeb4ed8de5e9a044d8,dummy_uniform,FINISHED,2026-05-02 20:15:51,DummyClassifier,3b0bfab28a8101b4e4fdd08025a5c235,uniform,42,Churn,0.2,0.5427807486631016,0.5216773276474769,0.25,0.28794326241134754,0.376274328081557,0.5,0.2658137882018479,,,,,,,,,,,,,,,,,,,,,,,,,,,,,,,,,,,,,,,,,,,,,,,,,,,,,,,,,,,,,,,,,,,,,,,,,,,,,,,,,,,,,,,,
tech-challenge-dummy-baseline,469b150e6a9c454c8d782ecdf25dd6a9,dummy_stratified,FINISHED,2026-05-02 20:15:50,DummyClassifier,3b0bfab28a8101b4e4fdd08025a5c235,stratified,42,Churn,0.2,0.27807486631016043,0.6147832267235253,0.38521677327647474,0.2765957446808511,0.2773333333333333,0.507382060454209,0.2688119793083087,,,,,,,,,,,,,,,,,,,,,,,,,,,,,,,,,,,,,,,,,,,,,,,,,,,,,,,,,,,,,,,,,,,,,,,,,,,,,,,,,,,,,,,,
tech-challenge-dummy-baseline,2998ed9d595245feb2baf00b8dba79b1,dummy_most_frequent,FINISHED,2026-05-02 20:15:49,DummyClassifier,3b0bfab28a8101b4e4fdd08025a5c235,most_frequent,42,Churn,0.2,0.0,0.7341862117981521,0.2658137882018479,0.0,0.0,0.5,0.2658137882018479,,,,,,,,,,,,,,,,,,,,,,,,,,,,,,,,,,,,,,,,,,,,,,,,,,,,,,,,,,,,,,,,,,,,,,,,,,,,,,,,,,,,,,,,
tech-challenge-dummy-baseline,4bdc115f32a84c5f956d947e6f1977f5,dummy_uniform,FINISHED,2026-05-02 20:11:11,DummyClassifier,3b0bfab28a8101b4e4fdd08025a5c235,uniform,42,Churn,0.2,0.5427807486631016,0.5216773276474769,0.25,0.28794326241134754,0.376274328081557,0.5,0.2658137882018479,,,,,,,,,,,,,,,,,,,,,,,,,,,,,,,,,,,,,,,,,,,,,,,,,,,,,,,,,,,,,,,,,,,,,,,,,,,,,,,,,,,,,,,,
tech-challenge-dummy-baseline,1123847d5fbe4352a0c45f3eee0f292e,dummy_stratified,FINISHED,2026-05-02 20:11:11,DummyClassifier,3b0bfab28a8101b4e4fdd08025a5c235,stratified,42,Churn,0.2,0.27807486631016043,0.6147832267235253,0.38521677327647474,0.2765957446808511,0.2773333333333333,0.507382060454209,0.2688119793083087,,,,,,,,,,,,,,,,,,,,,,,,,,,,,,,,,,,,,,,,,,,,,,,,,,,,,,,,,,,,,,,,,,,,,,,,,,,,,,,,,,,,,,,,
tech-challenge-dummy-baseline,dc4f719ba65c42248d2091abd2c21f97,dummy_most_frequent,FINISHED,2026-05-02 20:11:09,DummyClassifier,3b0bfab28a8101b4e4fdd08025a5c235,most_frequent,42,Churn,0.2,0.0,0.7341862117981521,0.2658137882018479,0.0,0.0,0.5,0.2658137882018479,,,,,,,,,,,,,,,,,,,,,,,,,,,,,,,,,,,,,,,,,,,,,,,,,,,,,,,,,,,,,,,,,,,,,,,,,,,,,,,,,,,,,,,,
tech-challenge-dummy-baseline,7774b1ed1b9f4c35bbbafe370b2da9fa,dummy_uniform,FINISHED,2026-05-02 17:22:30,DummyClassifier,3b0bfab28a8101b4e4fdd08025a5c235,uniform,42,Churn,0.2,0.5427807486631016,0.5216773276474769,0.25,0.28794326241134754,0.376274328081557,0.5,0.2658137882018479,,,,,,,,,,,,,,,,,,,,,,,,,,,,,,,,,,,,,,,,,,,,,,,,,,,,,,,,,,,,,,,,,,,,,,,,,,,,,,,,,,,,,,,,
tech-challenge-dummy-baseline,8409205233164c58ae994de57897ebed,dummy_stratified,FINISHED,2026-05-02 17:22:30,DummyClassifier,3b0bfab28a8101b4e4fdd08025a5c235,stratified,42,Churn,0.2,0.27807486631016043,0.6147832267235253,0.38521677327647474,0.2765957446808511,0.2773333333333333,0.507382060454209,0.2688119793083087,,,,,,,,,,,,,,,,,,,,,,,,,,,,,,,,,,,,,,,,,,,,,,,,,,,,,,,,,,,,,,,,,,,,,,,,,,,,,,,,,,,,,,,,
tech-challenge-dummy-baseline,ebdb567267894133bff28adfe43705aa,dummy_most_frequent,FINISHED,2026-05-02 17:22:28,DummyClassifier,3b0bfab28a8101b4e4fdd08025a5c235,most_frequent,42,Churn,0.2,0.0,0.7341862117981521,0.2658137882018479,0.0,0.0,0.5,0.2658137882018479,,,,,,,,,,,,,,,,,,,,,,,,,,,,,,,,,,,,,,,,,,,,,,,,,,,,,,,,,,,,,,,,,,,,,,,,,,,,,,,,,,,,,,,,
tech-challenge-dummy-baseline,63e8f0f2acaa4b52a24cc0362a0d4fbc,dummy_uniform,FINISHED,2026-05-02 14:13:52,DummyClassifier,3b0bfab28a8101b4e4fdd08025a5c235,uniform,42,Churn,0.2,0.5427807486631016,0.5216773276474769,0.25,0.28794326241134754,0.376274328081557,0.5,0.2658137882018479,,,,,,,,,,,,,,,,,,,,,,,,,,,,,,,,,,,,,,,,,,,,,,,,,,,,,,,,,,,,,,,,,,,,,,,,,,,,,,,,,,,,,,,,
tech-challenge-dummy-baseline,c9800ed8a574471b80108885da5f57e1,dummy_stratified,FINISHED,2026-05-02 14:13:52,DummyClassifier,3b0bfab28a8101b4e4fdd08025a5c235,stratified,42,Churn,0.2,0.27807486631016043,0.6147832267235253,0.38521677327647474,0.2765957446808511,0.2773333333333333,0.507382060454209,0.2688119793083087,,,,,,,,,,,,,,,,,,,,,,,,,,,,,,,,,,,,,,,,,,,,,,,,,,,,,,,,,,,,,,,,,,,,,,,,,,,,,,,,,,,,,,,,
tech-challenge-dummy-baseline,73ae611bdf954755aebac6f497e52052,dummy_most_frequent,FINISHED,2026-05-02 14:13:51,DummyClassifier,3b0bfab28a8101b4e4fdd08025a5c235,most_frequent,42,Churn,0.2,0.0,0.7341862117981521,0.2658137882018479,0.0,0.0,0.5,0.2658137882018479,,,,,,,,,,,,,,,,,,,,,,,,,,,,,,,,,,,,,,,,,,,,,,,,,,,,,,,,,,,,,,,,,,,,,,,,,,,,,,,,,,,,,,,,
tech-challenge-dummy-baseline,aa28e60e09e9417a9ef96e49c0534603,dummy_uniform,FINISHED,2026-05-01 18:33:58,DummyClassifier,3b0bfab28a8101b4e4fdd08025a5c235,uniform,42,Churn,0.2,0.5427807486631016,0.5216773276474769,0.25,0.28794326241134754,0.376274328081557,0.5,0.2658137882018479,,,,,,,,,,,,,,,,,,,,,,,,,,,,,,,,,,,,,,,,,,,,,,,,,,,,,,,,,,,,,,,,,,,,,,,,,,,,,,,,,,,,,,,,
tech-challenge-dummy-baseline,e77e6e36da6b4cda9a8adf1899d5a224,dummy_stratified,FINISHED,2026-05-01 18:33:58,DummyClassifier,3b0bfab28a8101b4e4fdd08025a5c235,stratified,42,Churn,0.2,0.27807486631016043,0.6147832267235253,0.38521677327647474,0.2765957446808511,0.2773333333333333,0.507382060454209,0.2688119793083087,,,,,,,,,,,,,,,,,,,,,,,,,,,,,,,,,,,,,,,,,,,,,,,,,,,,,,,,,,,,,,,,,,,,,,,,,,,,,,,,,,,,,,,,
tech-challenge-dummy-baseline,2ba6858149f842b5a34b733ff052d4d7,dummy_most_frequent,FINISHED,2026-05-01 18:33:57,DummyClassifier,3b0bfab28a8101b4e4fdd08025a5c235,most_frequent,42,Churn,0.2,0.0,0.7341862117981521,0.2658137882018479,0.0,0.0,0.5,0.2658137882018479,,,,,,,,,,,,,,,,,,,,,,,,,,,,,,,,,,,,,,,,,,,,,,,,,,,,,,,,,,,,,,,,,,,,,,,,,,,,,,,,,,,,,,,,
tech-challenge-dummy-baseline,b62efaaaa70440ac83dca80b8c377d3b,dummy_uniform,FINISHED,2026-04-30 03:20:53,DummyClassifier,3b0bfab28a8101b4e4fdd08025a5c235,uniform,42,Churn,0.2,0.5427807486631016,0.5216773276474769,0.25,0.28794326241134754,0.376274328081557,0.5,0.2658137882018479,,,,,,,,,,,,,,,,,,,,,,,,,,,,,,,,,,,,,,,,,,,,,,,,,,,,,,,,,,,,,,,,,,,,,,,,,,,,,,,,,,,,,,,,
tech-challenge-dummy-baseline,f336387af99140538943d623cb4ba045,dummy_stratified,FINISHED,2026-04-30 03:20:53,DummyClassifier,3b0bfab28a8101b4e4fdd08025a5c235,stratified,42,Churn,0.2,0.27807486631016043,0.6147832267235253,0.38521677327647474,0.2765957446808511,0.2773333333333333,0.507382060454209,0.2688119793083087,,,,,,,,,,,,,,,,,,,,,,,,,,,,,,,,,,,,,,,,,,,,,,,,,,,,,,,,,,,,,,,,,,,,,,,,,,,,,,,,,,,,,,,,
tech-challenge-dummy-baseline,bba407d9462a4cab8a3b4d8e20d542ca,dummy_most_frequent,FINISHED,2026-04-30 03:20:53,DummyClassifier,3b0bfab28a8101b4e4fdd08025a5c235,most_frequent,42,Churn,0.2,0.0,0.7341862117981521,0.2658137882018479,0.0,0.0,0.5,0.2658137882018479,,,,,,,,,,,,,,,,,,,,,,,,,,,,,,,,,,,,,,,,,,,,,,,,,,,,,,,,,,,,,,,,,,,,,,,,,,,,,,,,,,,,,,,,
tech-challenge-dummy-baseline,a4efd50d9fc9439c9abca551560d7586,dummy_uniform,FINISHED,2026-04-30 03:17:06,DummyClassifier,3b0bfab28a8101b4e4fdd08025a5c235,uniform,42,Churn,0.2,0.5427807486631016,0.5216773276474769,0.25,0.28794326241134754,0.376274328081557,0.5,0.2658137882018479,,,,,,,,,,,,,,,,,,,,,,,,,,,,,,,,,,,,,,,,,,,,,,,,,,,,,,,,,,,,,,,,,,,,,,,,,,,,,,,,,,,,,,,,
tech-challenge-dummy-baseline,9f163335571848de98000908343d6bea,dummy_stratified,FINISHED,2026-04-30 03:17:06,DummyClassifier,3b0bfab28a8101b4e4fdd08025a5c235,stratified,42,Churn,0.2,0.27807486631016043,0.6147832267235253,0.38521677327647474,0.2765957446808511,0.2773333333333333,0.507382060454209,0.2688119793083087,,,,,,,,,,,,,,,,,,,,,,,,,,,,,,,,,,,,,,,,,,,,,,,,,,,,,,,,,,,,,,,,,,,,,,,,,,,,,,,,,,,,,,,,
tech-challenge-dummy-baseline,628f1ec3aa9c444182b5abb2dce78464,dummy_most_frequent,FINISHED,2026-04-30 03:17:05,DummyClassifier,3b0bfab28a8101b4e4fdd08025a5c235,most_frequent,42,Churn,0.2,0.0,0.7341862117981521,0.2658137882018479,0.0,0.0,0.5,0.2658137882018479,,,,,,,,,,,,,,,,,,,,,,,,,,,,,,,,,,,,,,,,,,,,,,,,,,,,,,,,,,,,,,,,,,,,,,,,,,,,,,,,,,,,,,,,
tech-challenge-dummy-baseline,811d274ca25d4f42be05b773207ae11b,dummy_uniform,FINISHED,2026-04-30 02:37:28,DummyClassifier,3b0bfab28a8101b4e4fdd08025a5c235,uniform,42,Churn,0.2,0.5427807486631016,0.5216773276474769,0.25,0.28794326241134754,0.376274328081557,0.5,0.2658137882018479,,,,,,,,,,,,,,,,,,,,,,,,,,,,,,,,,,,,,,,,,,,,,,,,,,,,,,,,,,,,,,,,,,,,,,,,,,,,,,,,,,,,,,,,
tech-challenge-dummy-baseline,93d296a2afdd4b0180683bee9b683e09,dummy_stratified,FINISHED,2026-04-30 02:37:28,DummyClassifier,3b0bfab28a8101b4e4fdd08025a5c235,stratified,42,Churn,0.2,0.27807486631016043,0.6147832267235253,0.38521677327647474,0.2765957446808511,0.2773333333333333,0.507382060454209,0.2688119793083087,,,,,,,,,,,,,,,,,,,,,,,,,,,,,,,,,,,,,,,,,,,,,,,,,,,,,,,,,,,,,,,,,,,,,,,,,,,,,,,,,,,,,,,,
tech-challenge-dummy-baseline,c61f450dcd484e1397821530d71868f7,dummy_most_frequent,FINISHED,2026-04-30 02:37:27,DummyClassifier,3b0bfab28a8101b4e4fdd08025a5c235,most_frequent,42,Churn,0.2,0.0,0.7341862117981521,0.2658137882018479,0.0,0.0,0.5,0.2658137882018479,,,,,,,,,,,,,,,,,,,,,,,,,,,,,,,,,,,,,,,,,,,,,,,,,,,,,,,,,,,,,,,,,,,,,,,,,,,,,,,,,,,,,,,,
tech-challenge-dummy-baseline,c3d67dbefa62464fbd97c033ab5611b0,dummy_uniform,FINISHED,2026-04-27 23:37:12,DummyClassifier,3b0bfab28a8101b4e4fdd08025a5c235,uniform,42,Churn,0.2,0.5427807486631016,0.5216773276474769,0.25,0.28794326241134754,0.376274328081557,0.5,0.2658137882018479,,,,,,,,,,,,,,,,,,,,,,,,,,,,,,,,,,,,,,,,,,,,,,,,,,,,,,,,,,,,,,,,,,,,,,,,,,,,,,,,,,,,,,,,
tech-challenge-dummy-baseline,2cf5d1ea486a453cbdad5393f85c05da,dummy_stratified,FINISHED,2026-04-27 23:37:11,DummyClassifier,3b0bfab28a8101b4e4fdd08025a5c235,stratified,42,Churn,0.2,0.27807486631016043,0.6147832267235253,0.38521677327647474,0.2765957446808511,0.2773333333333333,0.507382060454209,0.2688119793083087,,,,,,,,,,,,,,,,,,,,,,,,,,,,,,,,,,,,,,,,,,,,,,,,,,,,,,,,,,,,,,,,,,,,,,,,,,,,,,,,,,,,,,,,
tech-challenge-dummy-baseline,bca9cdcc830540a5a33257351a0ba4e6,dummy_most_frequent,FINISHED,2026-04-27 23:37:11,DummyClassifier,3b0bfab28a8101b4e4fdd08025a5c235,most_frequent,42,Churn,0.2,0.0,0.7341862117981521,0.2658137882018479,0.0,0.0,0.5,0.2658137882018479,,,,,,,,,,,,,,,,,,,,,,,,,,,,,,,,,,,,,,,,,,,,,,,,,,,,,,,,,,,,,,,,,,,,,,,,,,,,,,,,,,,,,,,,
tech-challenge-dummy-baseline,9eb801e3d1b4484c845bb6801e44ae31,dummy_uniform,FINISHED,2026-04-27 23:36:51,DummyClassifier,3b0bfab28a8101b4e4fdd08025a5c235,uniform,42,Churn,0.2,0.5427807486631016,0.5216773276474769,0.25,0.28794326241134754,0.376274328081557,0.5,0.2658137882018479,,,,,,,,,,,,,,,,,,,,,,,,,,,,,,,,,,,,,,,,,,,,,,,,,,,,,,,,,,,,,,,,,,,,,,,,,,,,,,,,,,,,,,,,
tech-challenge-dummy-baseline,e14c21736b3b46ba80e8f4e8e8d1a07e,dummy_stratified,FINISHED,2026-04-27 23:36:50,DummyClassifier,3b0bfab28a8101b4e4fdd08025a5c235,stratified,42,Churn,0.2,0.27807486631016043,0.6147832267235253,0.38521677327647474,0.2765957446808511,0.2773333333333333,0.507382060454209,0.2688119793083087,,,,,,,,,,,,,,,,,,,,,,,,,,,,,,,,,,,,,,,,,,,,,,,,,,,,,,,,,,,,,,,,,,,,,,,,,,,,,,,,,,,,,,,,
tech-challenge-dummy-baseline,484fd8297b13462a80bba592ce4a4341,dummy_most_frequent,FINISHED,2026-04-27 23:36:50,DummyClassifier,3b0bfab28a8101b4e4fdd08025a5c235,most_frequent,42,Churn,0.2,0.0,0.7341862117981521,0.2658137882018479,0.0,0.0,0.5,0.2658137882018479,,,,,,,,,,,,,,,,,,,,,,,,,,,,,,,,,,,,,,,,,,,,,,,,,,,,,,,,,,,,,,,,,,,,,,,,,,,,,,,,,,,,,,,,
tech-challenge-dummy-baseline,7ad99401d73e4cd091b64173664835b3,dummy_uniform,FINISHED,2026-04-27 23:35:59,DummyClassifier,3b0bfab28a8101b4e4fdd08025a5c235,uniform,42,Churn,0.2,0.5427807486631016,0.5216773276474769,0.25,0.28794326241134754,0.376274328081557,0.5,0.2658137882018479,,,,,,,,,,,,,,,,,,,,,,,,,,,,,,,,,,,,,,,,,,,,,,,,,,,,,,,,,,,,,,,,,,,,,,,,,,,,,,,,,,,,,,,,
tech-challenge-dummy-baseline,2ae770268fd049e8a1464854c909e17a,dummy_stratified,FINISHED,2026-04-27 23:35:58,DummyClassifier,3b0bfab28a8101b4e4fdd08025a5c235,stratified,42,Churn,0.2,0.27807486631016043,0.6147832267235253,0.38521677327647474,0.2765957446808511,0.2773333333333333,0.507382060454209,0.2688119793083087,,,,,,,,,,,,,,,,,,,,,,,,,,,,,,,,,,,,,,,,,,,,,,,,,,,,,,,,,,,,,,,,,,,,,,,,,,,,,,,,,,,,,,,,
tech-challenge-dummy-baseline,78ee1f942a6241b0971699ff3f87ccdd,dummy_most_frequent,FINISHED,2026-04-27 23:35:57,DummyClassifier,3b0bfab28a8101b4e4fdd08025a5c235,most_frequent,42,Churn,0.2,0.0,0.7341862117981521,0.2658137882018479,0.0,0.0,0.5,0.2658137882018479,,,,,,,,,,,,,,,,,,,,,,,,,,,,,,,,,,,,,,,,,,,,,,,,,,,,,,,,,,,,,,,,,,,,,,,,,,,,,,,,,,,,,,,,
tech-challenge-dummy-baseline,afb444bc69394cff84418a3d3cc3b623,dummy_uniform,FINISHED,2026-04-24 16:30:53,DummyClassifier,3b0bfab28a8101b4e4fdd08025a5c235,uniform,42,Churn,0.2,0.47593582887700536,0.4868701206529453,,0.2524822695035461,0.329935125115848,0.5,0.2654364797728886,,,,,,,,,,,,,,,,,,,,,,,,,,,,,,,,,,,,,,,,,,,,,,,,,,,,,,,,,,,,,,,,,,,,,,,,,,,,,,,,,,,,,,,,
tech-challenge-dummy-baseline,7f88b5cb31d746adb00ceeae056fc87e,dummy_stratified,FINISHED,2026-04-24 16:30:53,DummyClassifier,3b0bfab28a8101b4e4fdd08025a5c235,stratified,42,Churn,0.2,0.2914438502673797,0.6217175301632364,,0.2891246684350133,0.29027962716378164,0.5162533260998735,0.2723402566824383,,,,,,,,,,,,,,,,,,,,,,,,,,,,,,,,,,,,,,,,,,,,,,,,,,,,,,,,,,,,,,,,,,,,,,,,,,,,,,,,,,,,,,,,
tech-challenge-dummy-baseline,f7bf58acdb9d4a62955ecd05228a78dd,dummy_most_frequent,FINISHED,2026-04-24 16:30:52,DummyClassifier,3b0bfab28a8101b4e4fdd08025a5c235,most_frequent,42,Churn,0.2,0.0,0.7345635202271115,,0.0,0.0,0.5,0.2654364797728886,,,,,,,,,,,,,,,,,,,,,,,,,,,,,,,,,,,,,,,,,,,,,,,,,,,,,,,,,,,,,,,,,,,,,,,,,,,,,,,,,,,,,,,,
tech-challenge-dummy-baseline,0bb1d54075b74d25bf41c609aae7f795,dummy_uniform,FINISHED,2026-04-23 22:23:48,DummyClassifier,3b0bfab28a8101b4e4fdd08025a5c235,uniform,42,Churn,0.2,0.5427807486631016,0.5216773276474769,,0.28794326241134754,0.376274328081557,0.5,0.2658137882018479,,,,,,,,,,,,,,,,,,,,,,,,,,,,,,,,,,,,,,,,,,,,,,,,,,,,,,,,,,,,,,,,,,,,,,,,,,,,,,,,,,,,,,,,
tech-challenge-dummy-baseline,359d82d7bd6f4b4ba5fb710a22fb7c4f,dummy_stratified,FINISHED,2026-04-23 22:23:48,DummyClassifier,3b0bfab28a8101b4e4fdd08025a5c235,stratified,42,Churn,0.2,0.27807486631016043,0.6147832267235253,,0.2765957446808511,0.2773333333333333,0.507382060454209,0.2688119793083087,,,,,,,,,,,,,,,,,,,,,,,,,,,,,,,,,,,,,,,,,,,,,,,,,,,,,,,,,,,,,,,,,,,,,,,,,,,,,,,,,,,,,,,,
tech-challenge-dummy-baseline,405a6e02451e4a2493a7caab6bb01ee3,dummy_most_frequent,FINISHED,2026-04-23 22:23:47,DummyClassifier,3b0bfab28a8101b4e4fdd08025a5c235,most_frequent,42,Churn,0.2,0.0,0.7341862117981521,,0.0,0.0,0.5,0.2658137882018479,,,,,,,,,,,,,,,,,,,,,,,,,,,,,,,,,,,,,,,,,,,,,,,,,,,,,,,,,,,,,,,,,,,,,,,,,,,,,,,,,,,,,,,,
tech-challenge-dummy-baseline,ab30dda935514e6fb72152bd0a70f23c,dummy_uniform,FINISHED,2026-04-22 14:01:44,DummyClassifier,3b0bfab28a8101b4e4fdd08025a5c235,uniform,42,Churn,0.2,0.47593582887700536,0.4868701206529453,0.25,0.2524822695035461,0.329935125115848,0.5,0.2654364797728886,,,,,,,,,,,,,,,,,,,,,,,,,,,,,,,,,,,,,,,,,,,,,,,,,,,,,,,,,,,,,,,,,,,,,,,,,,,,,,,,,,,,,,,,
tech-challenge-dummy-baseline,8101daad9b834211962e049a6de4296f,dummy_stratified,FINISHED,2026-04-22 14:01:44,DummyClassifier,3b0bfab28a8101b4e4fdd08025a5c235,stratified,42,Churn,0.2,0.2914438502673797,0.6217175301632364,0.37828246983676367,0.2891246684350133,0.29027962716378164,0.5162533260998735,0.2723402566824383,,,,,,,,,,,,,,,,,,,,,,,,,,,,,,,,,,,,,,,,,,,,,,,,,,,,,,,,,,,,,,,,,,,,,,,,,,,,,,,,,,,,,,,,
tech-challenge-dummy-baseline,a95b9ee091a642e7ba81468018ba9c14,dummy_most_frequent,FINISHED,2026-04-22 14:01:44,DummyClassifier,3b0bfab28a8101b4e4fdd08025a5c235,most_frequent,42,Churn,0.2,0.0,0.7345635202271115,0.2654364797728886,0.0,0.0,0.5,0.2654364797728886,,,,,,,,,,,,,,,,,,,,,,,,,,,,,,,,,,,,,,,,,,,,,,,,,,,,,,,,,,,,,,,,,,,,,,,,,,,,,,,,,,,,,,,,
tech-challenge-dummy-baseline,27cd59e944ff4aa89277024975fdbbfc,dummy_uniform,FINISHED,2026-04-22 00:54:25,DummyClassifier,3b0bfab28a8101b4e4fdd08025a5c235,uniform,42,Churn,0.2,0.47593582887700536,0.4868701206529453,,0.2524822695035461,0.329935125115848,0.5,0.2654364797728886,,,,,,,,,,,,,,,,,,,,,,,,,,,,,,,,,,,,,,,,,,,,,,,,,,,,,,,,,,,,,,,,,,,,,,,,,,,,,,,,,,,,,,,,
tech-challenge-dummy-baseline,ff3b8647938e46ffab34bb7700ae2d46,dummy_stratified,FINISHED,2026-04-22 00:54:25,DummyClassifier,3b0bfab28a8101b4e4fdd08025a5c235,stratified,42,Churn,0.2,0.2914438502673797,0.6217175301632364,,0.2891246684350133,0.29027962716378164,0.5162533260998735,0.2723402566824383,,,,,,,,,,,,,,,,,,,,,,,,,,,,,,,,,,,,,,,,,,,,,,,,,,,,,,,,,,,,,,,,,,,,,,,,,,,,,,,,,,,,,,,,
tech-challenge-dummy-baseline,8d293e8727214eaabcef057606332f80,dummy_most_frequent,FINISHED,2026-04-22 00:54:25,DummyClassifier,3b0bfab28a8101b4e4fdd08025a5c235,most_frequent,42,Churn,0.2,0.0,0.7345635202271115,,0.0,0.0,0.5,0.2654364797728886,,,,,,,,,,,,,,,,,,,,,,,,,,,,,,,,,,,,,,,,,,,,,,,,,,,,,,,,,,,,,,,,,,,,,,,,,,,,,,,,,,,,,,,,
tech-challenge-mlp,6c5f07ec1f9043a1a54244c069283241,abundant-donkey-871,FINISHED,2026-05-05 14:41:37,MLP,3b0bfab28a8101b4e4fdd08025a5c235,,42,,,,,,,,,,0.001,100,30,adam,0.3,1e-05,64,30,StandardScaler,"(128, 64, 32)",5,5,True,one_hot_encoding,train_only,0.2757640369580668,0.5866220735785953,0.03131032794682201,0.6194824376503597,0.1,0.4212108039193683,0.8009950248756219,0.6866359447004609,74500.0,0.5963636363636363,0.011405484435022567,0.6164383561643836,0.6023354079356716,0.15422885572139303,0.6320224719101124,0.006897669120502104,0.4411764705882353,37100.0,0.72,0.003221217347399256,0.6619217081850534,0.1925133689839572,0.49732620320855614,0.003951308581492061,6550.0,0.3983957219251337,0.7944888888888889,0.7914438502673797,0.5700071073205402,0.6016042780748663,0.6928571428571428,0.09725685785536159,0.8408399264699928,0.13888131380081176,0.016709841589361958,0.8385190494844845,0.4105604609972994,0.6461135170177579,0.014786293503256002,0.8310318319002334,0.66,81050.0,0.6202946689947929,0.032741774583332245,0.3788659793814433,0.14302080869674683,0.536,0.13903743315508021,0.7165775401069518,0.7428571428571429,0.25935828877005346,,,,,,,,,,,,,,,,,,,,,,
tech-challenge-mlp,8e6a2f97ac794de9bf7bfede33f50286,clean-croc-24,FINISHED,2026-05-04 12:29:51,MLP,3b0bfab28a8101b4e4fdd08025a5c235,,42,,,,,,,,,,0.001,100,30,adam,0.3,1e-05,64,30,StandardScaler,"(128, 64, 32)",5,,True,one_hot_encoding,train_only,0.26794598436389483,,0.036362217444007756,0.614684507161778,0.05,0.4297050999270545,0.7917555081734187,0.669683257918552,74000.0,0.6169491525423729,,0.6067114093959731,,0.15707178393745558,0.6091644204851752,,0.446524064171123,36900.0,0.69,,0.6548042704626335,0.18449197860962566,0.4919786096256685,,7250.0,0.39572192513368987,,0.7887700534759359,0.5749822316986496,0.6042780748663101,0.6714285714285714,0.09765142150803462,,,,0.8362945087337129,0.41310605280835866,,,0.8313709097121202,0.668,81250.0,,,0.38992042440318303,0.14296048879623413,0.54,0.12834224598930483,0.7219251336898396,0.6857142857142857,0.25133689839572193,,,,,,,,,,,,,,,,,,,,,,
tech-challenge-mlp,fefa54a72cad44d89804e7fe554ebdf9,loud-newt-68,FINISHED,2026-05-04 12:09:57,MLP,3b0bfab28a8101b4e4fdd08025a5c235,,42,,,,,,,,,,0.001,100,30,adam,0.3,1e-05,64,30,StandardScaler,"(128, 64, 32)",5,,True,one_hot_encoding,train_only,0.26794598436389483,,0.036362217444007756,0.614684507161778,0.05,0.4297050999270545,0.7917555081734187,0.669683257918552,74000.0,0.6169491525423729,,0.6067114093959731,,0.15707178393745558,0.6091644204851752,,0.446524064171123,36900.0,0.69,,0.6548042704626335,0.18449197860962566,0.4919786096256685,,7250.0,0.39572192513368987,,0.7887700534759359,0.5749822316986496,0.6042780748663101,0.6714285714285714,0.09765142150803462,,,,0.8362945087337129,0.41310605280835866,,,0.8313709097121202,0.668,81250.0,,,0.38992042440318303,0.14296048879623413,0.54,0.12834224598930483,0.7219251336898396,0.6857142857142857,0.25133689839572193,,,,,,,,,,,,,,,,,,,,,,
tech-challenge-mlp,a83f0179e5dc4d67806d1d96a6f338c2,loud-elk-66,FINISHED,2026-05-02 21:27:43,MLP,3b0bfab28a8101b4e4fdd08025a5c235,,42,,,,,,,,,,0.0023888113434598303,150,30,sgd,0.45,2.234090863841761e-05,64,30,StandardScaler,"(128, 64, 32)",18,,False,one_hot_encoding,train_only,,,,0.6102156853147337,,0.7613070441616906,0.7057569296375267,,,0.6084656084656085,,0.5949119373776908,,,0.4691358024691358,,,,,,,,,,,,,,,0.8128342245989305,,,,,,0.833953634085213,0.7864867159178559,,,0.8307807590166226,,,,,,0.18603719770908356,,,,,,,,,,,,,,,,,,,,,,,,,,,
tech-challenge-mlp,e77c24652d864c868a21338dfb52efa6,gaudy-shoat-46,FINISHED,2026-05-02 21:27:10,MLP,3b0bfab28a8101b4e4fdd08025a5c235,,42,,,,,,,,,,0.0057237872854379625,150,30,adam,0.45,0.00042292039137969555,16,30,StandardScaler,"(128, 128, 64)",15,,False,one_hot_encoding,train_only,,,,0.6159919151792109,,0.7562309881331215,0.7071783937455579,,,0.6125166444740346,,0.6,,,0.47103658536585363,,,,,,,,,,,,,,,0.8262032085561497,,,,,,0.8527794694091108,0.7939500591010912,,,0.8304209741627884,,,,,,0.1892297863960266,,,,,,,,,,,,,,,,,,,,,,,,,,,
tech-challenge-mlp,d161ccc5df354e0f8a8493355a0d76cb,useful-cub-534,FINISHED,2026-05-02 21:27:02,MLP,3b0bfab28a8101b4e4fdd08025a5c235,,42,,,,,,,,,,0.043330507752561344,150,30,adam,0.35000000000000003,0.003821181402466057,128,30,StandardScaler,"(128, 128, 64)",19,,False,one_hot_encoding,train_only,,,,0.6179646743029773,,0.8436029487186008,0.7064676616915423,,,0.6272493573264781,,0.5906838453914767,,,0.4692913385826772,,,,,,,,,,,,,,,0.7967914438502673,,,,,,0.8350186867253288,0.7553467527031898,,,0.8301310755755263,,,,,,0.18805503845214844,,,,,,,,,,,,,,,,,,,,,,,,,,,
tech-challenge-mlp,50103d7f46ed4580bc6b0a1ed554bc16,resilient-trout-925,FINISHED,2026-05-02 21:26:42,MLP,3b0bfab28a8101b4e4fdd08025a5c235,,42,,,,,,,,,,0.014257137749102351,150,30,sgd,0.5,0.0005355007308224188,32,30,StandardScaler,"(128, 128, 64)",20,,False,one_hot_encoding,train_only,,,,0.6214181088959911,,0.794745084312227,0.7007818052594172,,,0.6226415094339622,,0.5971291866028708,,,0.46497764530551416,,,,,,,,,,,,,,,0.8342245989304813,,,,,,0.8549223002599209,0.8009176364181735,,,0.8344109623080069,,,,,,0.19148710370063782,,,,,,,,,,,,,,,,,,,,,,,,,,,
tech-challenge-mlp,c430bd6490f0475fa3fc9d7c9f69f317,wise-slug-721,FINISHED,2026-05-02 21:26:33,MLP,3b0bfab28a8101b4e4fdd08025a5c235,,42,,,,,,,,,,0.0057337283716263395,150,30,adam,0.35000000000000003,0.00036405001485626914,64,30,StandardScaler,"(128, 128, 64)",20,,False,one_hot_encoding,train_only,,,,0.63052294567516,,0.7831292649110159,0.6993603411513859,,,0.6253101736972705,,0.5990521327014218,,,0.46402349486049926,,,,,,,,,,,,,,,0.8449197860962567,,,,,,0.8520896936519633,0.7696620696027514,,,0.8305555699354459,,,,,,0.1898331344127655,,,,,,,,,,,,,,,,,,,,,,,,,,,
tech-challenge-mlp,d4472009bbb64994a557ac14c8381008,youthful-sow-253,FINISHED,2026-05-02 21:26:24,MLP,3b0bfab28a8101b4e4fdd08025a5c235,,42,,,,,,,,,,0.02919774187176141,200,30,adam,0.2,0.0030362701054235056,64,30,StandardScaler,"(128, 64, 32)",17,,False,one_hot_encoding,train_only,,,,0.6191614974913354,,0.6180950485997729,0.7569296375266524,,,0.6164574616457462,,0.62,,,0.5304182509505704,,,,,,,,,,,,,,,0.7459893048128342,,,,,,0.8360440066437533,0.5966512052945687,,,0.8329886473642524,,,,,,0.15838941931724548,,,,,,,,,,,,,,,,,,,,,,,,,,,
tech-challenge-mlp,c73fb2ca28904e9b9039f1c653f667d8,trusting-sheep-940,FINISHED,2026-05-02 21:26:19,MLP,3b0bfab28a8101b4e4fdd08025a5c235,,42,,,,,,,,,,0.0036177931453538516,200,30,adam,0.35000000000000003,0.0001272493022097496,64,30,StandardScaler,"(256, 128, 64)",15,,False,one_hot_encoding,train_only,,,,0.6208239667351061,,0.6171637823184332,0.767590618336887,,,0.6422287390029325,,0.6130177514792899,,,0.5498938428874734,,,,,,,,,,,,,,,0.6925133689839572,,,,,,0.8473759737597376,0.5605344692586174,,,0.8273226830114251,,,,,,0.1592509150505066,,,,,,,,,,,,,,,,,,,,,,,,,,,
tech-challenge-mlp,807016cd7ea642009b6814ccc06b9eed,unequaled-newt-879,FINISHED,2026-05-02 21:26:11,MLP,3b0bfab28a8101b4e4fdd08025a5c235,,42,,,,,,,,,,0.010989716538980997,200,30,adam,0.25,4.824004245349909e-05,64,30,StandardScaler,"(256, 128, 64)",18,,False,one_hot_encoding,train_only,,,,0.6175783592971419,,0.6687386251158185,0.7668798862828714,,,0.5900151285930408,,0.6150234741784038,,,0.5481171548117155,,,,,,,,,,,,,,,0.7005347593582888,,,,,,0.8150628669952342,0.5480687903686309,,,0.8257825967665954,,,,,,0.16004492342472076,,,,,,,,,,,,,,,,,,,,,,,,,,,
tech-challenge-mlp,457dcec133ee4426af7a511779074a8b,sneaky-bat-612,FINISHED,2026-05-02 21:26:04,MLP,3b0bfab28a8101b4e4fdd08025a5c235,,42,,,,,,,,,,0.0038713467844393415,200,30,adam,0.25,0.0001707898844692267,64,30,StandardScaler,"(256, 128, 64)",17,,False,one_hot_encoding,train_only,,,,0.6105503566984708,,0.6262182692686716,0.775408670931059,,,0.6349206349206349,,0.629976580796253,,,0.5604166666666667,,,,,,,,,,,,,,,0.7192513368983957,,,,,,0.8403749444761723,0.5355953150232073,,,0.8259016622577923,,,,,,0.1588592827320099,,,,,,,,,,,,,,,,,,,,,,,,,,,
tech-challenge-mlp,1d37dfea7e2346ed87269831b7256184,peaceful-moth-974,FINISHED,2026-05-02 21:25:51,MLP,3b0bfab28a8101b4e4fdd08025a5c235,,42,,,,,,,,,,6.761035748779468e-05,200,30,adam,0.25,0.0006777095163315696,64,30,StandardScaler,"(128, 128, 64)",10,,False,one_hot_encoding,train_only,,,,0.6228602441119309,,0.6783035828007592,0.7412935323383084,,,0.6359945872801083,,0.613588110403397,,,0.5088028169014085,,,,,,,,,,,,,,,0.7727272727272727,,,,,,0.8433065006824647,0.6711676645446831,,,0.8369281620947242,,,,,,0.16896620392799377,,,,,,,,,,,,,,,,,,,,,,,,,,,
tech-challenge-mlp,858cce2698694c838ca3b59330c100b7,fun-crow-271,FINISHED,2026-05-02 21:25:44,MLP,3b0bfab28a8101b4e4fdd08025a5c235,,42,,,,,,,,,,0.0002784391661427339,100,30,adam,0.1,1.038316061019872e-05,64,30,StandardScaler,"(128, 64, 32)",13,,False,one_hot_encoding,train_only,,,,0.6205437310178771,,0.4150029511915313,0.7938877043354655,,,0.6036363636363636,,0.5845272206303725,,,0.6296296296296297,,,,,,,,,,,,,,,0.5454545454545454,,,,,,0.8452298568474246,0.39514633593424947,,,0.8307807590166226,,,,,,0.14244712889194489,,,,,,,,,,,,,,,,,,,,,,,,,,,
tech-challenge-mlp,93578053efa64bc3a59db2846470e00e,bright-wolf-113,FINISHED,2026-05-02 21:24:18,MLP,3b0bfab28a8101b4e4fdd08025a5c235,,42,,,,,,,,,,0.0001302493458091987,200,30,sgd,0.35000000000000003,0.009390572927269051,32,30,StandardScaler,"(64, 32)",17,,False,one_hot_encoding,train_only,,,,0.5799043563131401,,1.0030799276298947,0.6169154228855721,,,0.5817805383022774,,0.5512073272273106,,,0.40024183796856105,,,,,,,,,,,,,,,0.8850267379679144,,,,,,0.81276555640202,0.9848915266652479,,,0.8012654591010038,,,,,,0.2227628529071808,,,,,,,,,,,,,,,,,,,,,,,,,,,
tech-challenge-mlp,9447bfbbc70247bf940ea6cfa452cb01,caring-hog-791,FINISHED,2026-05-02 21:24:15,MLP,3b0bfab28a8101b4e4fdd08025a5c235,,42,,,,,,,,,,0.0012056890512038192,150,30,adam,0.45,0.00027250835498804517,128,30,StandardScaler,"(256, 128, 64)",9,,False,one_hot_encoding,train_only,,,,0.6136493396206824,,0.6030113365915086,0.7583511016346838,,,0.6508172362555721,,0.6145124716553289,,,0.5334645669291339,,,,,,,,,,,,,,,0.7245989304812834,,,,,,0.8494887726450387,0.5829873440994157,,,0.8264646349607342,,,,,,0.162799671292305,,,,,,,,,,,,,,,,,,,,,,,,,,,
tech-challenge-mlp,0049ae55d7d74ec2b7d519da19fe0cea,bustling-horse-728,FINISHED,2026-05-02 21:23:35,MLP,3b0bfab28a8101b4e4fdd08025a5c235,,42,,,,,,,,,,0.008555942569322931,200,30,adam,0.15000000000000002,0.0010124522373214683,16,30,StandardScaler,"(128, 128, 64)",20,,False,one_hot_encoding,train_only,,,,0.6169983083726953,,0.5877050742716856,0.7626154939587776,,,0.6473988439306358,,0.6125290023201856,,,0.5409836065573771,,,,,,,,,,,,,,,0.7058823529411765,,,,,,0.8612377545533187,0.5755450561748329,,,0.8244909950251331,,,,,,0.15856771171092987,,,,,,,,,,,,,,,,,,,,,,,,,,,
tech-challenge-mlp,370a66dc364340b3990a2e3a1a200db4,popular-bee-463,FINISHED,2026-05-02 21:23:26,MLP,3b0bfab28a8101b4e4fdd08025a5c235,,42,,,,,,,,,,0.0015879958704327019,150,30,adam,0.30000000000000004,5.4077669638025386e-05,64,30,StandardScaler,"(128, 64, 32)",12,,False,one_hot_encoding,train_only,,,,0.6177454343748003,,0.6652305573225021,0.7370291400142146,,,0.6545961002785515,,0.6088794926004228,,,0.5034965034965035,,,,,,,,,,,,,,,0.7700534759358288,,,,,,0.8547721188272103,0.6498886497927384,,,0.828202732294185,,,,,,0.17053037881851196,,,,,,,,,,,,,,,,,,,,,,,,,,,
tech-challenge-mlp,b1daf05bbcfe4f72a770852fff949beb,lyrical-shrike-468,FINISHED,2026-05-02 21:23:11,MLP,3b0bfab28a8101b4e4fdd08025a5c235,,42,,,,,,,,,,0.00018994478789662432,150,30,adam,0.5,2.868624603717408e-06,64,30,StandardScaler,"(64, 32)",11,,False,one_hot_encoding,train_only,,,,0.6119733699060547,,0.7594549291663699,0.7022032693674485,,,0.6541822721598003,,0.5920155793573515,,,0.4655436447166922,,,,,,,,,,,,,,,0.8128342245989305,,,,,,0.8618032786885246,0.8185863024751905,,,0.831790227311553,,,,,,0.18799512088298798,,,,,,,,,,,,,,,,,,,,,,,,,,,
tech-challenge-mlp,f7258ecea937440a86be3fc8a286d42a,agreeable-fowl-741,FINISHED,2026-05-02 21:23:05,MLP,3b0bfab28a8101b4e4fdd08025a5c235,,42,,,,,,,,,,0.0042952758493972135,200,30,adam,0.25,0.0002084716699201364,64,30,StandardScaler,"(256, 128, 64)",17,,False,one_hot_encoding,train_only,,,,0.6249168376021156,,0.6297122372521294,0.7725657427149965,,,0.6447761194029851,,0.6244131455399061,,,0.5564853556485355,,,,,,,,,,,,,,,0.7112299465240641,,,,,,0.8458505799587654,0.5492115860253992,,,0.8299110632548364,,,,,,0.15736757218837738,,,,,,,,,,,,,,,,,,,,,,,,,,,
tech-challenge-mlp,8a4aa81f568049cba6043b82e48b5633,merciful-fox-83,FINISHED,2026-05-02 21:22:58,MLP,3b0bfab28a8101b4e4fdd08025a5c235,,42,,,,,,,,,,0.0005519125832681455,200,30,adam,0.4,9.371522191928372e-05,64,30,StandardScaler,"(128, 128, 64)",15,,False,one_hot_encoding,train_only,,,,0.6244234753533905,,0.8459982309076521,0.6979388770433547,,,0.5983313468414779,,0.6016869728209935,,,0.46320346320346323,,,,,,,,,,,,,,,0.8582887700534759,,,,,,0.8269006232630037,0.7759212826339292,,,0.8355252600027955,,,,,,0.19028785824775696,,,,,,,,,,,,,,,,,,,,,,,,,,,
tech-challenge-mlp,7a61b8d7c2cb4fe8985dd89191019ab5,auspicious-crow-3,FINISHED,2026-05-02 21:22:44,MLP,3b0bfab28a8101b4e4fdd08025a5c235,,42,,,,,,,,,,0.00013121617659057056,150,30,adam,0.30000000000000004,0.009416073154395863,64,30,StandardScaler,"(128, 64, 32)",16,,False,one_hot_encoding,train_only,,,,0.6219408329740967,,0.7653104066848755,0.7036247334754797,,,0.6233062330623306,,0.5939629990262901,,,0.4670750382848392,,,,,,,,,,,,,,,0.8155080213903744,,,,,,0.8504742524351203,0.8078390393458622,,,0.835157710008231,,,,,,0.18826907873153687,,,,,,,,,,,,,,,,,,,,,,,,,,,
tech-challenge-mlp,4a473e5b827444939bb06ed51be610f4,agreeable-skink-372,FINISHED,2026-05-02 21:22:24,MLP,3b0bfab28a8101b4e4fdd08025a5c235,,42,,,,,,,,,,5.267589972761372e-05,200,30,adam,0.4,1.1799062523159284e-06,128,30,StandardScaler,"(128, 128, 64)",12,,False,one_hot_encoding,train_only,,,,0.6169604420238545,,0.621608833471934,0.7611940298507462,,,0.6386554621848739,,0.6199095022624435,,,0.5372549019607843,,,,,,,,,,,,,,,0.732620320855615,,,,,,0.8374834693416766,0.618541321820683,,,0.834937697687541,,,,,,0.15808230638504028,,,,,,,,,,,,,,,,,,,,,,,,,,,
tech-challenge-mlp,761eb329a22248b3913cf3e87830ab8d,caring-flea-661,FINISHED,2026-05-02 21:21:17,MLP,3b0bfab28a8101b4e4fdd08025a5c235,,42,,,,,,,,,,0.00038222288001998753,100,30,sgd,0.55,3.470490935437502e-05,16,30,StandardScaler,"(512, 256, 128)",19,,True,one_hot_encoding,train_only,,,,0.5959959107728865,,0.48930052552424685,0.751954513148543,,,0.6275659824046921,,0.6143646408839779,,,0.5235404896421846,,,,,,,,,,,,,,,0.7433155080213903,,,,,,0.838560982933381,0.4804945797362226,,,0.8262976844350343,,,,,,0.16651248931884766,,,,,,,,,,,,,,,,,,,,,,,,,,,
tech-challenge-mlp,1939dde44a884dd8889531c6dab4875c,blushing-lynx-286,FINISHED,2026-05-02 21:21:01,MLP,3b0bfab28a8101b4e4fdd08025a5c235,,42,,,,,,,,,,0.0006340411040214709,150,30,adam,0.05,1.150295632191274e-05,32,30,StandardScaler,"(256, 128, 64, 32)",14,,True,one_hot_encoding,train_only,,,,0.6197724956998728,,0.8017583207951652,0.7249466950959488,,,0.6216216216216216,,0.5904761904761905,,,0.4886164623467601,,,,,,,,,,,,,,,0.7459893048128342,,,,,,0.8268771173143,0.6377675740431387,,,0.8151909448105565,,,,,,0.17830869555473328,,,,,,,,,,,,,,,,,,,,,,,,,,,
tech-challenge-mlp,1ec841e709154200861ba9086e704b68,upset-ram-390,FINISHED,2026-05-02 21:20:44,MLP,3b0bfab28a8101b4e4fdd08025a5c235,,42,,,,,,,,,,0.007530729373480583,100,30,sgd,0.2,0.0038765111709116325,16,30,StandardScaler,"(256, 128, 64, 32)",5,,True,one_hot_encoding,train_only,,,,0.6148452074567113,,0.787364875766593,0.6879886282871357,,,0.5995145631067961,,0.5799043062200957,,,0.45156482861400893,,,,,,,,,,,,,,,0.8101604278074866,,,,,,0.8227849895130661,0.7496327449243965,,,0.8275375185716283,,,,,,0.19024504721164703,,,,,,,,,,,,,,,,,,,,,,,,,,,
tech-challenge-mlp,e8ec526e88c84789bca5047fd9787687,ambitious-zebra-69,FINISHED,2026-05-02 21:20:42,MLP,3b0bfab28a8101b4e4fdd08025a5c235,,42,,,,,,,,,,0.0029624350259971595,200,30,adam,0.0,0.0005131654955148327,128,30,StandardScaler,"(256, 128, 64, 32)",6,,True,one_hot_encoding,train_only,,,,0.6027493794515036,,0.6405609846115112,0.7185501066098081,,,0.6288951841359773,,0.5959183673469388,,,0.48184818481848185,,,,,,,,,,,,,,,0.7807486631016043,,,,,,0.857405347593583,0.6435767776436276,,,0.8190424546127524,,,,,,0.17589963972568512,,,,,,,,,,,,,,,,,,,,,,,,,,,
tech-challenge-mlp,363d62a851c946a38590a31b8980ccce,thundering-eel-177,FINISHED,2026-05-02 21:20:39,MLP,3b0bfab28a8101b4e4fdd08025a5c235,,42,,,,,,,,,,0.0015513704754564206,150,30,adam,0.15000000000000002,1.597766235483387e-05,64,30,StandardScaler,"(512, 256, 128)",3,,False,one_hot_encoding,train_only,,,,0.6138674822273147,,0.4333523015181224,0.8009950248756219,,,0.6178010471204188,,0.5965417867435159,,,0.646875,,,,,,,,,,,,,,,0.553475935828877,,,,,,0.8408724632692337,0.40470495253381594,,,0.8270845520290313,,,,,,0.14431354403495789,,,,,,,,,,,,,,,,,,,,,,,,,,,
tech-challenge-mlp,dca91609427d4b74a9236b5e2c13377a,trusting-crow-706,FINISHED,2026-05-02 21:20:25,MLP,3b0bfab28a8101b4e4fdd08025a5c235,,42,,,,,,,,,,0.020575565247805454,150,30,sgd,0.4,0.0016394127471631608,32,30,StandardScaler,"(512, 256, 128)",19,,True,one_hot_encoding,train_only,,,,0.6201830602514394,,0.8104665155212084,0.6801705756929638,,,0.609286523216308,,0.592391304347826,,,0.44794520547945205,,,,,,,,,,,,,,,0.8743315508021391,,,,,,0.8467563663642096,0.7915423759754668,,,0.8296341065687913,,,,,,0.19917809963226318,,,,,,,,,,,,,,,,,,,,,,,,,,,
tech-challenge-mlp,7662b95d1f8b407fab030bfc4f62492f,amazing-jay-61,FINISHED,2026-05-02 21:20:17,MLP,3b0bfab28a8101b4e4fdd08025a5c235,,42,,,,,,,,,,0.022940782745804866,200,30,adam,0.4,7.742116473996245e-05,64,30,StandardScaler,"(128, 128, 64)",16,,False,one_hot_encoding,train_only,,,,0.6261417007376086,,0.5997782084676955,0.7853589196872779,,,0.629746835443038,,0.6262376237623762,,,0.5829493087557603,,,,,,,,,,,,,,,0.6764705882352942,,,,,,0.8564030559570515,0.6368306791278678,,,0.8337108054521642,,,,,,0.15419471263885498,,,,,,,,,,,,,,,,,,,,,,,,,,,
tech-challenge-mlp,f0a12f95d6c64e709cc4d24a7ce7351c,marvelous-fish-135,FINISHED,2026-05-02 21:20:07,MLP,3b0bfab28a8101b4e4fdd08025a5c235,,42,,,,,,,,,,0.0003258495305588586,150,30,adam,0.25,0.0020651425578959264,64,30,StandardScaler,"(128, 64, 32)",17,,False,one_hot_encoding,train_only,,,,0.6258598042213749,,0.8448641333315108,0.7093105899076049,,,0.6163682864450127,,0.5978367748279253,,,0.4727838258164852,,,,,,,,,,,,,,,0.8128342245989305,,,,,,0.8270728902637524,0.7650086598497041,,,0.8336383308053485,,,,,,0.18757522106170654,,,,,,,,,,,,,,,,,,,,,,,,,,,
tech-challenge-mlp,fb7adb7b1f094ed8a097f37d70ca446a,shivering-turtle-594,FINISHED,2026-05-02 21:20:04,MLP,3b0bfab28a8101b4e4fdd08025a5c235,,42,,,,,,,,,,0.039433570649952475,100,30,adam,0.6,0.0017123375973163992,64,30,StandardScaler,"(256, 128, 64, 32)",5,,True,one_hot_encoding,train_only,,,,0.583907078729574,,0.6902969810697768,0.6929637526652452,,,0.5598991172761665,,0.5901328273244781,,,0.4573529411764706,,,,,,,,,,,,,,,0.8315508021390374,,,,,,0.8160772641889747,0.7687754824127949,,,0.8155067272002527,,,,,,0.17304524779319763,,,,,,,,,,,,,,,,,,,,,,,,,,,
tech-challenge-mlp,6a489eda56a64bafacc8076f563fcdd8,inquisitive-colt-466,FINISHED,2026-05-02 21:19:58,MLP,3b0bfab28a8101b4e4fdd08025a5c235,,42,,,,,,,,,,0.019838025385264947,200,30,sgd,0.0,0.00025378155082656634,64,30,StandardScaler,"(128, 64, 32)",6,,False,one_hot_encoding,train_only,,,,0.6240191288677049,,0.7514459821912978,0.7263681592039801,,,0.6185567010309279,,0.6067415730337079,,,0.4909090909090909,,,,,,,,,,,,,,,0.7941176470588235,,,,,,0.8417606711637662,0.7100457855513398,,,0.8335089117931781,,,,,,0.17716167867183685,,,,,,,,,,,,,,,,,,,,,,,,,,,
tech-challenge-mlp,bc4635705af14745a46a448660daaedc,fortunate-newt-720,FINISHED,2026-05-02 21:19:58,,,,,,,,,,,,,,,,,,,,,,,,,,,,,,,,,,,,,,,,,,,,,,,,,,,,,,,,,,,,,,,,,,,,,,,,,,,,,,,,0.63052294567516,adam,"(128, 128, 64)",False,0.00036405001485626914,64,0.0057337283716263395,20,4,30,150,optuna,0.35000000000000003,3.5,,,,,,,,
tech-challenge-mlp,8b5aefbef43a4af5996fcc7efb5c0b37,sedate-squid-407,FINISHED,2026-05-02 21:17:27,MLP,3b0bfab28a8101b4e4fdd08025a5c235,,42,,,,,,,,,,0.014661842574124916,200,30,sgd,0.0,0.0005707201746292938,128,30,StandardScaler,"(128, 64, 32)",5,,True,one_hot_encoding,train_only,,,,0.6060178256755651,,0.42970384491814506,0.7889125799573561,,,0.5607843137254902,,0.5726618705035971,,,0.6199376947040498,,,,,,,,,,,,,,,0.5320855614973262,,,,,,0.8262468671679198,0.39244555599159664,,,0.824923254525783,,,,,,0.14409446716308594,,,,,,,,,,,,,,,,,,,,,,,,,,,
tech-challenge-mlp,2688e7e62bc04389b3a9297b342eabc6,bald-croc-953,FINISHED,2026-05-02 21:17:14,MLP,3b0bfab28a8101b4e4fdd08025a5c235,,42,,,,,,,,,,0.03342295607204471,200,30,adam,0.05,0.009656369009153823,128,30,StandardScaler,"(256, 128, 64, 32)",20,,True,one_hot_encoding,train_only,,,,0.6230285612069307,,0.398645281791687,0.7953091684434968,,,0.5438972162740899,,0.5541795665634675,,,0.6580882352941176,,,,,,,,,,,,,,,0.4786096256684492,,,,,,0.8531568699769271,0.42110802398787606,,,0.831979179069322,,,,,,0.1418624222278595,,,,,,,,,,,,,,,,,,,,,,,,,,,
tech-challenge-mlp,83243ef3426844459421b7a442a54132,salty-yak-125,FINISHED,2026-05-02 21:17:06,MLP,3b0bfab28a8101b4e4fdd08025a5c235,,42,,,,,,,,,,0.006486731855904484,200,30,adam,0.15000000000000002,0.004357783155476718,128,30,StandardScaler,"(256, 128, 64, 32)",17,,True,one_hot_encoding,train_only,,,,0.6141491118947966,,0.44751645459069145,0.7896233120113717,,,0.5488721804511278,,0.5582089552238806,,,0.6317567567567568,,,,,,,,,,,,,,,0.5,,,,,,0.8282930425458099,0.38710906108220416,,,0.827415864700188,,,,,,0.14372384548187256,,,,,,,,,,,,,,,,,,,,,,,,,,,
tech-challenge-mlp,29bc4348dcb04269a8f86ade6bc258e9,rebellious-ape-734,FINISHED,2026-05-02 21:16:59,MLP,3b0bfab28a8101b4e4fdd08025a5c235,,42,,,,,,,,,,0.014149723385741676,200,30,sgd,0.1,0.00011649242251810149,128,30,StandardScaler,"(256, 128, 64, 32)",18,,True,one_hot_encoding,train_only,,,,0.6203222065438371,,0.4209262894259559,0.7789623312011372,,,0.6266233766233766,,0.5913272010512484,,,0.5813953488372093,,,,,,,,,,,,,,,0.6016042780748663,,,,,,0.8489457010357332,0.4025324707229932,,,0.8235203524338539,,,,,,0.14596115052700043,,,,,,,,,,,,,,,,,,,,,,,,,,,
tech-challenge-mlp,f98aa55984d3492686ad4563c338976d,stylish-calf-136,FINISHED,2026-05-02 21:16:46,MLP,3b0bfab28a8101b4e4fdd08025a5c235,,42,,,,,,,,,,0.02650240849666871,100,30,adam,0.15000000000000002,0.0006678293833429626,128,30,StandardScaler,"(256, 128, 64, 32)",19,,True,one_hot_encoding,train_only,,,,0.619951622970636,,0.4113031261497074,0.7945984363894811,,,0.5996131528046421,,0.5546995377503852,,,0.6545454545454545,,,,,,,,,,,,,,,0.48128342245989303,,,,,,0.8500489930114101,0.3930226324333085,,,0.8271466731548731,,,,,,0.14288407564163208,,,,,,,,,,,,,,,,,,,,,,,,,,,
tech-challenge-mlp,358929cb8f684936ac96221bb900d9b3,silent-cow-939,FINISHED,2026-05-02 21:16:33,MLP,3b0bfab28a8101b4e4fdd08025a5c235,,42,,,,,,,,,,0.03390306263694653,200,30,adam,0.1,0.0023778366648996166,128,30,StandardScaler,"(256, 128, 64, 32)",19,,True,one_hot_encoding,train_only,,,,0.6317821873623146,,0.4236556821399265,0.7995735607675906,,,0.5878003696857671,,0.6005665722379604,,,0.6385542168674698,,,,,,,,,,,,,,,0.5668449197860963,,,,,,0.8384490782614415,0.40412278059456086,,,0.8346866248039302,,,,,,0.14033980667591095,,,,,,,,,,,,,,,,,,,,,,,,,,,
tech-challenge-mlp,c1f043d0c2b34dcba26e789246a6ba6b,skillful-elk-49,FINISHED,2026-05-02 21:16:11,MLP,3b0bfab28a8101b4e4fdd08025a5c235,,42,,,,,,,,,,0.009736770079069217,200,30,adam,0.0,0.003096642275248707,32,30,StandardScaler,"(256, 128, 64, 32)",11,,True,one_hot_encoding,train_only,,,,0.6239915904480041,,0.41565704925192726,0.7924662402274343,,,0.5988909426987061,,0.5602409638554217,,,0.6413793103448275,,,,,,,,,,,,,,,0.49732620320855614,,,,,,0.853786230169994,0.41618170203469323,,,0.8342569536835238,,,,,,0.1404808759689331,,,,,,,,,,,,,,,,,,,,,,,,,,,
tech-challenge-mlp,0f3c45aaa9e54fcd92efed4c562dc6b8,mercurial-zebra-862,FINISHED,2026-05-02 21:15:29,MLP,3b0bfab28a8101b4e4fdd08025a5c235,,42,,,,,,,,,,0.020938217948993736,200,30,adam,0.05,0.008720695520958496,32,30,StandardScaler,"(256, 128, 64, 32)",16,,True,one_hot_encoding,train_only,,,,0.6172767650908703,,0.4426841135654185,0.7995735607675906,,,0.5532710280373832,,0.5889212827988338,,,0.6474358974358975,,,,,,,,,,,,,,,0.5401069518716578,,,,,,0.8163397257600156,0.41497840314892165,,,0.8282777953212439,,,,,,0.14244230091571808,,,,,,,,,,,,,,,,,,,,,,,,,,,
tech-challenge-mlp,734c843147e04a7abb790978863d606e,bedecked-skunk-822,FINISHED,2026-05-02 21:14:54,MLP,3b0bfab28a8101b4e4fdd08025a5c235,,42,,,,,,,,,,0.047842433343987106,200,30,adam,0.05,0.002904602479668767,32,30,StandardScaler,"(256, 128, 64, 32)",13,,True,one_hot_encoding,train_only,,,,0.6000403595014183,,0.4304428936706649,0.7981520966595593,,,0.5769230769230769,,0.5847953216374269,,,0.6451612903225806,,,,,,,,,,,,,,,0.5347593582887701,,,,,,0.8467740656133004,0.4293285678041742,,,0.8301051917730923,,,,,,0.14171122014522552,,,,,,,,,,,,,,,,,,,,,,,,,,,
tech-challenge-mlp,2508e3c832f94b56b3721cb432e886d8,valuable-crow-565,FINISHED,2026-05-02 21:14:17,MLP,3b0bfab28a8101b4e4fdd08025a5c235,,42,,,,,,,,,,0.04100189535961184,200,30,adam,0.05,0.0028525505208451605,32,30,StandardScaler,"(256, 128, 64, 32)",12,,True,one_hot_encoding,train_only,,,,0.627565780011561,,0.4155026322437657,0.8031272210376688,,,0.5978260869565217,,0.6014388489208633,,,0.6510903426791277,,,,,,,,,,,,,,,0.5588235294117647,,,,,,0.8419744610172837,0.42352630758116433,,,0.8351240610650666,,,,,,0.1405651867389679,,,,,,,,,,,,,,,,,,,,,,,,,,,
tech-challenge-mlp,660e8cc1aa2744308adfe393a48b8535,rogue-ape-712,FINISHED,2026-05-02 21:13:56,MLP,3b0bfab28a8101b4e4fdd08025a5c235,,42,,,,,,,,,,0.048713143689402216,200,30,adam,0.05,0.002209859290450729,32,30,StandardScaler,"(128, 128, 64)",12,,True,one_hot_encoding,train_only,,,,0.6254966568058701,,0.4201194519797961,0.7874911158493249,,,0.5416666666666666,,0.4991624790619765,,,0.6681614349775785,,,,,,,,,,,,,,,0.3983957219251337,,,,,,0.8454994246537865,0.4234929898529188,,,0.8328178142681874,,,,,,0.1415349245071411,,,,,,,,,,,,,,,,,,,,,,,,,,,
tech-challenge-mlp,9041fca1f07c4027bd118d3a55697631,judicious-bear-947,FINISHED,2026-05-02 21:13:52,MLP,3b0bfab28a8101b4e4fdd08025a5c235,,42,,,,,,,,,,0.007978045162603838,200,30,sgd,0.25,0.0004936132610504768,32,30,StandardScaler,"(512, 256, 128)",4,,True,one_hot_encoding,train_only,,,,0.6110152969901034,,0.4481367841362953,0.7690120824449183,,,0.6331811263318112,,0.6107784431137725,,,0.5531453362255966,,,,,,,,,,,,,,,0.6818181818181818,,,,,,0.8401792235739474,0.4244656165440877,,,0.82903360235232,,,,,,0.14932551980018616,,,,,,,,,,,,,,,,,,,,,,,,,,,
tech-challenge-mlp,a3a428372a724821809b649d266e28a6,caring-fox-723,FINISHED,2026-05-02 21:13:43,MLP,3b0bfab28a8101b4e4fdd08025a5c235,,42,,,,,,,,,,0.00020546880518263163,200,30,adam,0.1,0.0015257066795346349,32,30,StandardScaler,"(128, 128, 64)",8,,True,one_hot_encoding,train_only,,,,0.6139767363451778,,0.41494040563702583,0.7896233120113717,,,0.6151079136690647,,0.5771428571428572,,,0.6196319018404908,,,,,,,,,,,,,,,0.5401069518716578,,,,,,0.8479784212120468,0.3995173732016949,,,0.8265513456988887,,,,,,0.14335918426513672,,,,,,,,,,,,,,,,,,,,,,,,,,,
tech-challenge-mlp,59ac10784264415f897fd44d5b92c102,melodic-skunk-55,FINISHED,2026-05-02 21:13:26,MLP,3b0bfab28a8101b4e4fdd08025a5c235,,42,,,,,,,,,,0.0003626840856303311,200,30,adam,0.30000000000000004,0.001298942396674455,32,30,StandardScaler,"(128, 128, 64)",9,,True,one_hot_encoding,train_only,,,,0.6157583806724614,,0.4094868778354592,0.7938877043354655,,,0.6106346483704974,,0.5949720670391061,,,0.6228070175438597,,,,,,,,,,,,,,,0.56951871657754,,,,,,0.8616663938961758,0.4153294639384493,,,0.8280474294795803,,,,,,0.14263440668582916,,,,,,,,,,,,,,,,,,,,,,,,,,,
tech-challenge-mlp,f779fbe2d4f7412db6d065c362df35a4,suave-dove-263,FINISHED,2026-05-02 21:13:14,MLP,3b0bfab28a8101b4e4fdd08025a5c235,,42,,,,,,,,,,0.00041467015229377455,200,30,adam,0.30000000000000004,0.0012124665534844305,32,30,StandardScaler,"(128, 128, 64)",9,,True,one_hot_encoding,train_only,,,,0.6253766543783458,,0.4034431204199791,0.7910447761194029,,,0.6291739894551845,,0.5893854748603352,,,0.6169590643274854,,,,,,,,,,,,,,,0.5641711229946524,,,,,,0.8559413605134987,0.42055855120750185,,,0.8333070181341921,,,,,,0.14134179055690765,,,,,,,,,,,,,,,,,,,,,,,,,,,
tech-challenge-mlp,b3769e11c51746aa9df5a12ac5c4ab07,rumbling-dove-376,FINISHED,2026-05-02 21:12:44,MLP,3b0bfab28a8101b4e4fdd08025a5c235,,42,,,,,,,,,,0.004019683986846923,100,30,adam,0.45,8.24493878802794e-05,16,30,StandardScaler,"(256, 128, 64, 32)",14,,False,one_hot_encoding,train_only,,,,0.6095913764626937,,0.40928122946913814,0.7924662402274343,,,0.5906542056074766,,0.5548780487804879,,,0.6453900709219859,,,,,,,,,,,,,,,0.48663101604278075,,,,,,0.8579808076769292,0.4058633675494938,,,0.8275841094160097,,,,,,0.14328564703464508,,,,,,,,,,,,,,,,,,,,,,,,,,,
tech-challenge-mlp,f62a504e182645838e6268a3ed6891f3,legendary-cub-520,FINISHED,2026-05-02 21:12:38,MLP,3b0bfab28a8101b4e4fdd08025a5c235,,42,,,,,,,,,,0.00046112806555716505,150,30,adam,0.1,0.0010882424649784755,128,30,StandardScaler,"(64, 32)",11,,True,one_hot_encoding,train_only,,,,0.6182821085386062,,0.4250745442178514,0.7867803837953091,,,0.6238859180035651,,0.5786516853932584,,,0.6094674556213018,,,,,,,,,,,,,,,0.5508021390374331,,,,,,0.8449613623129101,0.39440499908394283,,,0.8271104358314654,,,,,,0.14336755871772766,,,,,,,,,,,,,,,,,,,,,,,,,,,
tech-challenge-mlp,5960f9f6a8104a83b0aaf6b6c53f64e8,masked-finch-354,FINISHED,2026-05-02 21:12:17,MLP,3b0bfab28a8101b4e4fdd08025a5c235,,42,,,,,,,,,,0.003358857619174026,200,30,adam,0.15000000000000002,3.235766254967105e-05,16,30,StandardScaler,"(512, 256, 128)",20,,False,one_hot_encoding,train_only,,,,0.5992353690766961,,0.4986400092151803,0.7782515991471215,,,0.5437616387337058,,0.5517241379310345,,,0.5962732919254659,,,,,,,,,,,,,,,0.5133689839572193,,,,,,0.8042271703201828,0.3416738864166517,,,0.819272820454416,,,,,,0.1510896235704422,,,,,,,,,,,,,,,,,,,,,,,,,,,
tech-challenge-mlp,9a94b22c538f4e3687fc9ba70176298e,calm-hawk-577,FINISHED,2026-05-02 21:11:49,MLP,3b0bfab28a8101b4e4fdd08025a5c235,,42,,,,,,,,,,0.0011491002577481608,150,30,adam,0.45,0.0010024622594535899,16,30,StandardScaler,"(64, 32)",12,,True,one_hot_encoding,train_only,,,,0.617772313636844,,0.39788703389570745,0.798862828713575,,,0.5596707818930041,,0.5769805680119582,,,0.6542372881355932,,,,,,,,,,,,,,,0.516042780748663,,,,,,0.8528071997820312,0.445587731739308,,,0.8332656040502975,,,,,,0.14143331348896027,,,,,,,,,,,,,,,,,,,,,,,,,,,
tech-challenge-mlp,58795c165310412b86b0d3113bd630bb,defiant-mouse-664,FINISHED,2026-05-02 21:11:31,MLP,3b0bfab28a8101b4e4fdd08025a5c235,,42,,,,,,,,,,0.0009747687547402244,200,30,sgd,0.0,2.4400771927662253e-05,32,30,StandardScaler,"(256, 128, 64, 32)",10,,True,one_hot_encoding,train_only,,,,0.5905655857900909,,0.4543899931013584,0.7917555081734187,,,0.5886287625418061,,0.5902097902097903,,,0.6187683284457478,,,,,,,,,,,,,,,0.5641711229946524,,,,,,0.8162153662548787,0.4152092563767805,,,0.8190243359510485,,,,,,0.1464909166097641,,,,,,,,,,,,,,,,,,,,,,,,,,,
tech-challenge-mlp,d5e2ba452954498ab1acdca18d7658f7,valuable-wren-854,FINISHED,2026-05-02 21:10:36,MLP,3b0bfab28a8101b4e4fdd08025a5c235,,42,,,,,,,,,,5.327962496616291e-05,150,30,adam,0.35000000000000003,2.546162816127691e-06,16,30,StandardScaler,"(128, 128, 64)",15,,True,one_hot_encoding,train_only,,,,0.6199878031485221,,0.4266882820028654,0.7867803837953091,,,0.6141215106732348,,0.6287128712871287,,,0.5852534562211982,,,,,,,,,,,,,,,0.679144385026738,,,,,,0.8433977423046022,0.43702382684176694,,,0.8333225484156526,,,,,,0.14647497236728668,,,,,,,,,,,,,,,,,,,,,,,,,,,
tech-challenge-mlp,bb9fd7ce30094f55ad6710dc5b250782,flawless-wasp-961,FINISHED,2026-05-02 21:10:31,MLP,3b0bfab28a8101b4e4fdd08025a5c235,,42,,,,,,,,,,0.021428317098251732,200,30,adam,0.6,1.0758866306767932e-05,32,30,StandardScaler,"(256, 128, 64)",7,,False,one_hot_encoding,train_only,,,,0.2658137882018479,,0.5804523684912257,0.7341862117981521,,,0.0,,0.0,,,0.0,,,,,,,,,,,,,,,0.0,,,,,,0.5,0.6183477986788919,,,0.5,,,,,,0.19532664120197296,,,,,,,,,,,,,,,,,,,,,,,,,,,
tech-challenge-mlp,2eefb97c03b34083ad4d090382e71f6f,enthused-owl-842,FINISHED,2026-05-02 21:10:27,MLP,3b0bfab28a8101b4e4fdd08025a5c235,,42,,,,,,,,,,0.003943551312383239,200,30,adam,0.2,0.0003420730367009227,64,30,StandardScaler,"(64, 32)",6,,False,one_hot_encoding,train_only,,,,0.6177398036750537,,0.43433434267838794,0.8009950248756219,,,0.5703971119133574,,0.5965417867435159,,,0.646875,,,,,,,,,,,,,,,0.553475935828877,,,,,,0.8272186545952205,0.39221264317002097,,,0.828241557997836,,,,,,0.14296457171440125,,,,,,,,,,,,,,,,,,,,,,,,,,,
tech-challenge-mlp,4e7f1f79b4d64407ab6661204973da4a,indecisive-vole-988,FINISHED,2026-05-02 21:10:19,MLP,3b0bfab28a8101b4e4fdd08025a5c235,,42,,,,,,,,,,0.04114492286654083,100,30,sgd,0.2,0.007076022085822006,32,30,StandardScaler,"(256, 128, 64)",3,,True,one_hot_encoding,train_only,,,,0.6036952798981177,,0.3929544323020511,0.798862828713575,,,0.6053639846743295,,0.6096551724137931,,,0.6296296296296297,,,,,,,,,,,,,,,0.5909090909090909,,,,,,0.8534096256684491,0.4155340400782037,,,0.8249594918491907,,,,,,0.14494973421096802,,,,,,,,,,,,,,,,,,,,,,,,,,,
tech-challenge-mlp,14f3b46cb410401ca707e8e615fade4b,stately-cat-978,FINISHED,2026-05-02 21:09:41,MLP,3b0bfab28a8101b4e4fdd08025a5c235,,42,,,,,,,,,,0.00018141791901774598,150,30,sgd,0.5,0.003717371747825055,64,30,StandardScaler,"(256, 128, 64)",4,,False,one_hot_encoding,train_only,,,,0.5322212302557838,,0.5706361068619622,0.7341862117981521,,,0.0,,0.0,,,0.0,,,,,,,,,,,,,,,0.0,,,,,,0.7900361440127678,0.5572933210453517,,,0.7819846146678332,,,,,,0.18701857328414917,,,,,,,,,,,,,,,,,,,,,,,,,,,
tech-challenge-mlp,80c9a2b6e87d42d994fe11388bd0c467,luxuriant-wasp-940,FINISHED,2026-05-02 21:09:19,MLP,3b0bfab28a8101b4e4fdd08025a5c235,,42,,,,,,,,,,0.0015148052214106254,150,30,adam,0.5,0.0001232909836527053,16,30,StandardScaler,"(64, 32)",14,,False,one_hot_encoding,train_only,,,,0.6246982228525185,,0.41991620500322796,0.8002842928216063,,,0.6126126126126126,,0.5897810218978102,,,0.6495176848874598,,,,,,,,,,,,,,,0.5401069518716578,,,,,,0.8481768775886424,0.409122054247146,,,0.8321681308270911,,,,,,0.14110274612903595,,,,,,,,,,,,,,,,,,,,,,,,,,,
tech-challenge-mlp,45350d0b357648189bf9ebc8ed3126ba,treasured-smelt-172,FINISHED,2026-05-02 21:09:05,MLP,3b0bfab28a8101b4e4fdd08025a5c235,,42,,,,,,,,,,0.013975079582541683,200,30,adam,0.0,0.0006720930050156114,32,30,StandardScaler,"(256, 128, 64, 32)",5,,True,one_hot_encoding,train_only,,,,0.6278048148968963,,0.40215906997521716,0.7938877043354655,,,0.602996254681648,,0.5833333333333334,,,0.6304347826086957,,,,,,,,,,,,,,,0.5427807486631016,,,,,,0.8540264298988229,0.4303869342973046,,,0.8312854931640877,,,,,,0.14209869503974915,,,,,,,,,,,,,,,,,,,,,,,,,,,
tech-challenge-mlp,89f24d8c10344ee6ba6e97c45dae9286,puzzled-boar-575,FINISHED,2026-05-02 21:09:01,MLP,3b0bfab28a8101b4e4fdd08025a5c235,,42,,,,,,,,,,0.01057714539863061,100,30,adam,0.6,0.005727904470799624,64,30,StandardScaler,"(128, 64, 32)",6,,False,one_hot_encoding,train_only,,,,0.5970304390188664,,0.4525199664963616,0.7896233120113717,,,0.4970414201183432,,0.5446153846153846,,,0.6413043478260869,,,,,,,,,,,,,,,0.4732620320855615,,,,,,0.8179018844088852,0.4675575230323093,,,0.824149328833003,,,,,,0.1462547928094864,,,,,,,,,,,,,,,,,,,,,,,,,,,
tech-challenge-mlp,c7f7099c48a14b1e84156d6d4f0290d6,defiant-ant-743,FINISHED,2026-05-02 21:08:34,MLP,3b0bfab28a8101b4e4fdd08025a5c235,,42,,,,,,,,,,6.8916187275036e-05,150,30,adam,0.35000000000000003,0.000269264691008618,128,30,StandardScaler,"(256, 128, 64, 32)",17,,True,one_hot_encoding,train_only,,,,0.6159154906197362,,0.4222557677163018,0.7796730632551528,,,0.5804195804195804,,0.6134663341645885,,,0.5747663551401869,,,,,,,,,,,,,,,0.6577540106951871,,,,,,0.8324298592467427,0.4193866261177593,,,0.8299951856127472,,,,,,0.14499054849147797,,,,,,,,,,,,,,,,,,,,,,,,,,,
tech-challenge-mlp,7b3f1a1ac6d34ca49b1e72dcb88b36e5,sassy-jay-906,FINISHED,2026-05-02 21:08:24,MLP,3b0bfab28a8101b4e4fdd08025a5c235,,42,,,,,,,,,,0.019838025385264947,200,30,sgd,0.0,0.00025378155082656634,64,30,StandardScaler,"(128, 64, 32)",6,,False,one_hot_encoding,train_only,,,,0.6218445842121001,,0.42363833718829685,0.7960199004975125,,,0.6083916083916084,,0.599721059972106,,,0.6268221574344023,,,,,,,,,,,,,,,0.5748663101604278,,,,,,0.8401167734255428,0.4006831064610414,,,0.8333406670773564,,,,,,0.14138732850551605,,,,,,,,,,,,,,,,,,,,,,,,,,,
tech-challenge-mlp,6623a4b52a874d55aa352890063856eb,upbeat-mare-127,FINISHED,2026-05-02 21:08:24,,,,,,,,,,,,,,,,,,,,,,,,,,,,,,,,,,,,,,,,,,,,,,,,,,,,,,,,,,,,,,,,,,,,,,,,,,,,,,,,0.6317821873623146,adam,"(256, 128, 64, 32)",True,0.0023778366648996166,128,0.03390306263694653,19,6,30,200,optuna,0.1,,,,,,,,,
tech-challenge-mlp,62b8585138ba4fc2868bacecab121159,luminous-stoat-634,FINISHED,2026-05-02 20:56:22,MLP,3b0bfab28a8101b4e4fdd08025a5c235,,42,,,,,,,,,,0.001,100,30,adam,0.3,1e-05,64,30,StandardScaler,"(128, 64, 32)",5,,True,one_hot_encoding,train_only,0.26794598436389483,,0.036362217444007756,0.614684507161778,0.05,0.4297050999270545,0.7917555081734187,0.669683257918552,74000.0,0.6169491525423729,,0.6067114093959731,,0.15707178393745558,0.6091644204851752,,0.446524064171123,36900.0,0.69,,0.6548042704626335,0.18449197860962566,0.4919786096256685,,7250.0,0.39572192513368987,,0.7887700534759359,0.5749822316986496,0.6042780748663101,0.6714285714285714,0.09765142150803462,,,,0.8362945087337129,0.41310605280835866,,,0.8313709097121202,0.668,81250.0,,,0.38992042440318303,0.14296048879623413,0.54,0.12834224598930483,0.7219251336898396,0.6857142857142857,0.25133689839572193,,,,,,,,,,,,,,,,,,,,,,
tech-challenge-mlp,20eec95094914a188a840ef173cc2172,receptive-bee-938,FINISHED,2026-05-02 20:39:17,MLP,3b0bfab28a8101b4e4fdd08025a5c235,,42,,,,,,,,,,0.001,100,30,adam,0.3,1e-05,64,30,StandardScaler,"(128, 64, 32)",5,,True,one_hot_encoding,train_only,0.26794598436389483,,0.036362217444007756,0.614684507161778,0.05,0.4297050999270545,0.7917555081734187,0.669683257918552,74000.0,0.6169491525423729,,0.6067114093959731,,0.15707178393745558,0.6091644204851752,,0.446524064171123,36900.0,0.69,,0.6548042704626335,0.18449197860962566,0.4919786096256685,,7250.0,0.39572192513368987,,0.7887700534759359,0.5749822316986496,0.6042780748663101,0.6714285714285714,0.09765142150803462,,,,0.8362945087337129,0.41310605280835866,,,0.8313709097121202,0.668,81250.0,,,0.38992042440318303,0.14296048879623413,0.54,0.12834224598930483,0.7219251336898396,0.6857142857142857,0.25133689839572193,,,,,,,,,,,,,,,,,,,,,,
tech-challenge-mlp,7ff7ecee3af5449480a21396f108c52d,sneaky-ant-70,FINISHED,2026-05-02 20:18:42,MLP,3b0bfab28a8101b4e4fdd08025a5c235,,42,,,,,,,,,,0.001,100,30,adam,0.3,1e-05,64,30,StandardScaler,"(128, 64, 32)",5,,True,one_hot_encoding,train_only,0.26794598436389483,,0.036362217444007756,0.614684507161778,0.05,0.4297050999270545,0.7917555081734187,0.669683257918552,74000.0,0.6169491525423729,,0.6067114093959731,,0.15707178393745558,0.6091644204851752,,0.446524064171123,36900.0,0.69,,0.6548042704626335,0.18449197860962566,0.4919786096256685,,7250.0,0.39572192513368987,,0.7887700534759359,0.5749822316986496,0.6042780748663101,0.6714285714285714,0.09765142150803462,,,,0.8362945087337129,0.41310605280835866,,,0.8313709097121202,0.668,81250.0,,,0.38992042440318303,0.14296048879623413,0.54,0.12834224598930483,0.7219251336898396,0.6857142857142857,0.25133689839572193,,,,,,,,,,,,,,,,,,,,,,
tech-challenge-mlp,f14073cbfabf44ef8a909c207b91f9eb,rare-stork-485,FINISHED,2026-05-02 20:15:55,MLP,3b0bfab28a8101b4e4fdd08025a5c235,,42,,,,,,,,,,0.001,100,30,adam,0.3,1e-05,64,30,StandardScaler,"(128, 64, 32)",5,,True,one_hot_encoding,train_only,0.26794598436389483,,0.036362217444007756,0.614684507161778,0.05,0.4297050999270545,0.7917555081734187,0.669683257918552,74000.0,0.6169491525423729,,0.6067114093959731,,0.15707178393745558,0.6091644204851752,,0.446524064171123,36900.0,0.69,,0.6548042704626335,0.18449197860962566,0.4919786096256685,,7250.0,0.39572192513368987,,0.7887700534759359,0.5749822316986496,0.6042780748663101,0.6714285714285714,0.09765142150803462,,,,0.8362945087337129,0.41310605280835866,,,0.8313709097121202,0.668,81250.0,,,0.38992042440318303,0.14296048879623413,0.54,0.12834224598930483,0.7219251336898396,0.6857142857142857,0.25133689839572193,,,,,,,,,,,,,,,,,,,,,,
tech-challenge-mlp,3c1e84e094924b77bd6bf43f2c85e4b6,shivering-owl-660,FINISHED,2026-05-02 20:11:16,MLP,3b0bfab28a8101b4e4fdd08025a5c235,,42,,,,,,,,,,0.001,100,30,adam,0.3,1e-05,64,30,StandardScaler,"(128, 64, 32)",5,,True,one_hot_encoding,train_only,0.26794598436389483,,0.036362217444007756,0.614684507161778,0.05,0.4297050999270545,0.7917555081734187,0.669683257918552,74000.0,0.6169491525423729,,0.6067114093959731,,0.15707178393745558,0.6091644204851752,,0.446524064171123,36900.0,0.69,,0.6548042704626335,0.18449197860962566,0.4919786096256685,,7250.0,0.39572192513368987,,0.7887700534759359,0.5749822316986496,0.6042780748663101,0.6714285714285714,0.09765142150803462,,,,0.8362945087337129,0.41310605280835866,,,0.8313709097121202,0.668,81250.0,,,0.38992042440318303,0.14296048879623413,0.54,0.12834224598930483,0.7219251336898396,0.6857142857142857,0.25133689839572193,,,,,,,,,,,,,,,,,,,,,,
tech-challenge-mlp,1f27dd3295524d11a78faae0a0854fb2,honorable-hen-255,FINISHED,2026-05-02 14:14:03,MLP,3b0bfab28a8101b4e4fdd08025a5c235,,42,,,,,,,,,,0.001,100,30,adam,0.3,1e-05,64,30,StandardScaler,"(128, 64, 32)",5,,True,one_hot_encoding,train_only,0.26794598436389483,,0.036362217444007756,0.614684507161778,0.05,0.4297050999270545,0.7917555081734187,0.669683257918552,74000.0,0.6169491525423729,,0.6067114093959731,,0.15707178393745558,0.6091644204851752,,0.446524064171123,36900.0,0.69,,0.6548042704626335,0.18449197860962566,0.4919786096256685,,7250.0,0.39572192513368987,,0.7887700534759359,0.5749822316986496,0.6042780748663101,0.6714285714285714,0.09765142150803462,,,,0.8362945087337129,0.41310605280835866,,,0.8313709097121202,0.668,81250.0,,,0.38992042440318303,0.14296048879623413,0.54,0.12834224598930483,0.7219251336898396,0.6857142857142857,0.25133689839572193,,,,,,,,,,,,,,,,,,,,,,
tech-challenge-mlp,8502642587b945739644b64b26d783e1,thoughtful-ray-475,FINISHED,2026-05-01 18:34:03,MLP,3b0bfab28a8101b4e4fdd08025a5c235,,42,,,,,,,,,,0.001,100,30,adam,0.3,1e-05,64,30,StandardScaler,"(128, 64, 32)",5,,True,one_hot_encoding,train_only,0.26794598436389483,,0.036362217444007756,0.614684507161778,0.05,0.4297050999270545,0.7917555081734187,0.669683257918552,74000.0,0.6169491525423729,,0.6067114093959731,,0.15707178393745558,0.6091644204851752,,0.446524064171123,36900.0,0.69,,0.6548042704626335,0.18449197860962566,0.4919786096256685,,7250.0,0.39572192513368987,,0.7887700534759359,0.5749822316986496,0.6042780748663101,0.6714285714285714,0.09765142150803462,,,,0.8362945087337129,0.41310605280835866,,,0.8313709097121202,0.668,81250.0,,,0.38992042440318303,0.14296048879623413,0.54,0.12834224598930483,0.7219251336898396,0.6857142857142857,0.25133689839572193,,,,,,,,,,,,,,,,,,,,,,
tech-challenge-mlp,26dde4f1af8245c9b68290e1410aa551,efficient-sloth-414,FINISHED,2026-04-30 03:20:56,MLP,3b0bfab28a8101b4e4fdd08025a5c235,,42,,,,,,,,,,0.001,100,30,adam,0.3,1e-05,64,30,StandardScaler,"(128, 64, 32)",5,,True,one_hot_encoding,train_only,0.26794598436389483,,0.036362217444007756,0.614684507161778,0.05,0.4297050999270545,0.7917555081734187,0.669683257918552,74000.0,0.6169491525423729,,0.6067114093959731,,0.15707178393745558,0.6091644204851752,,0.446524064171123,36900.0,0.69,,0.6548042704626335,0.18449197860962566,0.4919786096256685,,7250.0,0.39572192513368987,,0.7887700534759359,0.5749822316986496,0.6042780748663101,0.6714285714285714,0.09765142150803462,,,,0.8362945087337129,0.41310605280835866,,,0.8313709097121202,0.668,81250.0,,,0.38992042440318303,0.14296048879623413,0.54,0.12834224598930483,0.7219251336898396,0.6857142857142857,0.25133689839572193,,,,,,,,,,,,,,,,,,,,,,
tech-challenge-mlp,0bfec7297d5b419da7212eaba2d5c51e,mercurial-slug-869,FINISHED,2026-04-30 03:17:09,MLP,3b0bfab28a8101b4e4fdd08025a5c235,,42,,,,,,,,,,0.001,100,30,adam,0.3,1e-05,64,30,StandardScaler,"(128, 64, 32)",5,,True,one_hot_encoding,train_only,0.26794598436389483,,0.036362217444007756,0.614684507161778,0.05,0.4297050999270545,0.7917555081734187,0.669683257918552,74000.0,0.6169491525423729,,0.6067114093959731,,0.15707178393745558,0.6091644204851752,,0.446524064171123,36900.0,0.69,,0.6548042704626335,0.18449197860962566,0.4919786096256685,,7250.0,0.39572192513368987,,0.7887700534759359,0.5749822316986496,0.6042780748663101,0.6714285714285714,0.09765142150803462,,,,0.8362945087337129,0.41310605280835866,,,0.8313709097121202,0.668,81250.0,,,0.38992042440318303,0.14296048879623413,0.54,0.12834224598930483,0.7219251336898396,0.6857142857142857,0.25133689839572193,,,,,,,,,,,,,,,,,,,,,,
tech-challenge-mlp,156cb61cc76147e0822766120593b1d1,nebulous-shrike-198,FINISHED,2026-04-30 02:37:32,MLP,3b0bfab28a8101b4e4fdd08025a5c235,,42,,,,,,,,,,0.001,100,30,adam,0.3,1e-05,64,30,StandardScaler,"(128, 64, 32)",5,,True,one_hot_encoding,train_only,0.26794598436389483,,0.036362217444007756,0.614684507161778,0.05,0.4297050999270545,0.7917555081734187,0.669683257918552,74000.0,0.6169491525423729,,0.6067114093959731,,0.15707178393745558,0.6091644204851752,,0.446524064171123,36900.0,0.69,,0.6548042704626335,0.18449197860962566,0.4919786096256685,,7250.0,0.39572192513368987,,0.7887700534759359,0.5749822316986496,0.6042780748663101,0.6714285714285714,0.09765142150803462,,,,0.8362945087337129,0.41310605280835866,,,0.8313709097121202,0.668,81250.0,,,0.38992042440318303,0.14296048879623413,0.54,0.12834224598930483,0.7219251336898396,0.6857142857142857,0.25133689839572193,,,,,,,,,,,,,,,,,,,,,,
tech-challenge-mlp,eaf3d81c96ab42878150617cb72d445a,amusing-newt-405,FINISHED,2026-04-27 23:37:19,MLP,3b0bfab28a8101b4e4fdd08025a5c235,,42,,,,,,,,,,0.001,100,30,adam,0.3,1e-05,64,30,StandardScaler,"(128, 64, 32)",5,,True,one_hot_encoding,train_only,0.26794598436389483,,0.036362217444007756,0.614684507161778,0.05,0.4297050999270545,0.7917555081734187,0.669683257918552,74000.0,0.6169491525423729,,0.6067114093959731,,0.15707178393745558,0.6091644204851752,,0.446524064171123,36900.0,0.69,,0.6548042704626335,0.18449197860962566,0.4919786096256685,,7250.0,0.39572192513368987,,0.7887700534759359,0.5749822316986496,0.6042780748663101,0.6714285714285714,0.09765142150803462,,,,0.8362945087337129,0.41310605280835866,,,0.8313709097121202,0.668,81250.0,,,0.38992042440318303,0.14296048879623413,0.54,0.12834224598930483,0.7219251336898396,0.6857142857142857,0.25133689839572193,,,,,,,,,,,,,,,,,,,,,,
tech-challenge-mlp,8cf933a209c84586ade1231bfb5f9549,melodic-duck-603,FINISHED,2026-04-24 16:30:55,MLP,3b0bfab28a8101b4e4fdd08025a5c235,,42,,,,,,,,,,0.001,100,30,adam,0.3,1e-05,64,30,StandardScaler,"(128, 64, 32)",5,,True,one_hot_encoding,train_only,,,,0.6300687381318072,,0.423336911532614,0.7885024840312278,,,0.5797101449275363,,0.5906593406593407,,,0.6073446327683616,,,,,,,,,,,,,,,0.5748663101604278,,,,,,0.8360763060196235,0.4076118972939505,,,0.8377638275336485,,,,,,,,,,,,,,,,,,,,,,,,,,,,,,,,,
tech-challenge-mlp,a889a46a4fac499fa7f28ebb424e11af,suave-rat-48,FINISHED,2026-04-23 22:23:50,MLP,3b0bfab28a8101b4e4fdd08025a5c235,,42,,,,,,,,,,0.001,100,30,adam,0.3,1e-05,64,30,StandardScaler,"(128, 64, 32)",5,,True,one_hot_encoding,train_only,,,,0.614684507161778,,0.4297050999270545,0.7917555081734187,,,0.6169491525423729,,0.6067114093959731,,,0.6091644204851752,,,,,,,,,,,,,,,0.6042780748663101,,,,,,0.8362945087337129,0.41310605280835866,,,0.8313709097121202,,,,,,,,,,,,,,,,,,,,,,,,,,,,,,,,,
tech-challenge-mlp,0062fb07505a4666a633ec4ebf6939af,sincere-lamb-325,FINISHED,2026-04-22 14:01:47,MLP,3b0bfab28a8101b4e4fdd08025a5c235,,42,,,,,,,,,,0.001,100,30,adam,0.3,1e-05,64,30,StandardScaler,"(128, 64, 32)",5,,True,one_hot_encoding,train_only,0.2427253371185238,,0.027866522105367067,0.6300687381318072,0.1,0.423336911532614,0.7885024840312278,0.7,79500.0,0.5797101449275363,,0.5906593406593407,,0.15613910574875797,0.6073446327683616,,0.44919786096256686,37350.0,0.75,,0.6476868327402135,0.20053475935828877,0.48663101604278075,,6950.0,0.4117647058823529,,0.7754010695187166,0.6011355571327183,0.5748663101604278,0.7285714285714285,0.09917355371900827,,,,0.8360763060196235,0.4076118972939505,,,0.8377638275336485,0.672,86450.0,,,0.39766081871345027,0.13983426988124847,0.548,0.13903743315508021,0.732620320855615,0.7428571428571429,0.2727272727272727,,,,,,,,,,,,,,,,,,,,,,
tech-challenge-mlp,c9eea1b300ef4397aefabb0f21f3f39e,chill-gnu-200,FINISHED,2026-04-22 02:44:27,MLP,3b0bfab28a8101b4e4fdd08025a5c235,,42,,,,,,,,,,0.000684438451634809,100,30,adam,0.2,0.0001152798482886425,32,30,StandardScaler,"(128, 64, 32)",10,,True,one_hot_encoding,train_only,,,,0.6290753649806714,,0.3994947729839219,0.7955997161107168,,,0.6275229357798165,,0.5977653631284916,,,0.6257309941520468,,,,,,,,,,,,,,,0.5721925133689839,,,,,,0.8561466325660699,0.41562217304892574,,,0.8388565966571082,,,,,,0.13958273828029633,,,,,,,,,,,,,,,,,,,,,,,,,,,
tech-challenge-mlp,edcb54b4ca244abba75d230a844b9567,chill-ray-197,FINISHED,2026-04-22 02:44:13,MLP,3b0bfab28a8101b4e4fdd08025a5c235,,42,,,,,,,,,,0.0022516297517261503,100,30,adam,0.4,3.40143850655403e-06,32,30,StandardScaler,"(128, 64, 32)",15,,True,one_hot_encoding,train_only,,,,0.6258886905376547,,0.4326210526956452,0.7998580553584103,,,0.5745454545454546,,0.5924855491329479,,,0.6446540880503144,,,,,,,,,,,,,,,0.5481283422459893,,,,,,0.8340763112856137,0.4178918997446696,,,0.8403368725619365,,,,,,0.13950514793395996,,,,,,,,,,,,,,,,,,,,,,,,,,,
tech-challenge-mlp,d72d2893ca034450b2e927b41da37e5b,rare-shoat-214,FINISHED,2026-04-22 02:44:04,MLP,3b0bfab28a8101b4e4fdd08025a5c235,,42,,,,,,,,,,0.0012585401996662697,100,30,adam,0.30000000000000004,1.022617585048018e-06,32,30,StandardScaler,"(64, 32)",10,,True,one_hot_encoding,train_only,,,,0.6214987384580095,,0.4282642528414726,0.7906316536550745,,,0.5730337078651685,,0.5850914205344585,,,0.6172106824925816,,,,,,,,,,,,,,,0.5561497326203209,,,,,,0.8339569671875843,0.40660294552221365,,,0.8364618047482497,,,,,,0.1402367651462555,,,,,,,,,,,,,,,,,,,,,,,,,,,
tech-challenge-mlp,fdd88ffeedab45baa7002573b368a093,treasured-roo-202,FINISHED,2026-04-22 02:43:43,MLP,3b0bfab28a8101b4e4fdd08025a5c235,,42,,,,,,,,,,0.002569532796402449,100,30,adam,0.5,1.4283916590313659e-05,32,30,StandardScaler,"(128, 64, 32)",15,,True,one_hot_encoding,train_only,,,,0.6261646035672134,,0.41059425721565884,0.7955997161107168,,,0.5947955390334573,,0.5739644970414202,,,0.6423841059602649,,,,,,,,,,,,,,,0.5187165775401069,,,,,,0.8466862757369047,0.4244534548715497,,,0.8375674907644217,,,,,,0.1397610902786255,,,,,,,,,,,,,,,,,,,,,,,,,,,
tech-challenge-mlp,b6ae6157237d429c97c6dd4546a02956,grandiose-loon-358,FINISHED,2026-04-22 02:43:29,MLP,3b0bfab28a8101b4e4fdd08025a5c235,,42,,,,,,,,,,0.0007306603580276434,100,30,adam,0.4,3.1750552903987447e-06,32,30,StandardScaler,"(128, 64, 32)",10,,True,one_hot_encoding,train_only,,,,0.630663742827458,,0.42181549221277237,0.7906316536550745,,,0.5869565217391305,,0.5743145743145743,,,0.6238244514106583,,,,,,,,,,,,,,,0.5320855614973262,,,,,,0.8437796999627059,0.41675560525123106,,,0.8406572115012012,,,,,,0.13898761570453644,,,,,,,,,,,,,,,,,,,,,,,,,,,
tech-challenge-mlp,686660a3d0ff46e7924c77486a2fb6e5,bustling-turtle-317,FINISHED,2026-04-22 02:43:11,MLP,3b0bfab28a8101b4e4fdd08025a5c235,,42,,,,,,,,,,0.0007520735845066469,100,30,adam,0.2,9.169642524893767e-06,32,30,StandardScaler,"(128, 64, 32)",15,,True,one_hot_encoding,train_only,,,,0.6152763645120869,,0.4186367616057396,0.7892122072391767,,,0.6209262435677531,,0.5959183673469388,,,0.6066481994459834,,,,,,,,,,,,,,,0.5855614973262032,,,,,,0.8490405718312696,0.39608691009223884,,,0.835204991087344,,,,,,0.1413286179304123,,,,,,,,,,,,,,,,,,,,,,,,,,,
tech-challenge-mlp,e134d0b3625e492589f5dbb79caf6fa5,debonair-mink-266,FINISHED,2026-04-22 02:43:00,MLP,3b0bfab28a8101b4e4fdd08025a5c235,,42,,,,,,,,,,0.0025761527377802184,100,30,adam,0.2,1.2903584869192054e-06,32,30,StandardScaler,"(128, 64, 32)",15,,True,one_hot_encoding,train_only,,,,0.6309391658508456,,0.4159531547791428,0.801277501774308,,,0.5542168674698795,,0.5857988165680473,,,0.6556291390728477,,,,,,,,,,,,,,,0.5294117647058824,,,,,,0.8361522243040798,0.4031736410044609,,,0.841220388023457,,,,,,0.13831987977027893,,,,,,,,,,,,,,,,,,,,,,,,,,,
tech-challenge-mlp,e002dee4674647dfa292d9c1e2e3a95a,gregarious-boar-387,FINISHED,2026-04-22 02:42:46,MLP,3b0bfab28a8101b4e4fdd08025a5c235,,42,,,,,,,,,,0.0014014640289440811,100,30,adam,0.5,7.982856149710426e-06,32,30,StandardScaler,"(128, 64, 32)",15,,True,one_hot_encoding,train_only,,,,0.6268615348138659,,0.42906055351098377,0.7877927608232789,,,0.5884413309982487,,0.5829846582984658,,,0.60932944606414,,,,,,,,,,,,,,,0.5588235294117647,,,,,,0.8406739305891848,0.4357453168283963,,,0.8386395928595416,,,,,,0.14186815917491913,,,,,,,,,,,,,,,,,,,,,,,,,,,
tech-challenge-mlp,9016cfbe0190401083bf6a83197f0ed0,bouncy-gull-797,FINISHED,2026-04-22 02:42:33,MLP,3b0bfab28a8101b4e4fdd08025a5c235,,42,,,,,,,,,,0.0014027178926747862,100,30,adam,0.5,5.174674235586218e-06,32,30,StandardScaler,"(128, 64, 32)",15,,True,one_hot_encoding,train_only,,,,0.6278114326143632,,0.39619967424207264,0.7970191625266146,,,0.5985401459854015,,0.5902578796561605,,,0.6358024691358025,,,,,,,,,,,,,,,0.5508021390374331,,,,,,0.8618299483254841,0.4306850706009155,,,0.839300937766411,,,,,,0.1397855430841446,,,,,,,,,,,,,,,,,,,,,,,,,,,
tech-challenge-mlp,20ba21894b504947b3890a47d8fd8340,luminous-shoat-278,FINISHED,2026-04-22 02:42:17,MLP,3b0bfab28a8101b4e4fdd08025a5c235,,42,,,,,,,,,,0.0013776418164638798,100,30,adam,0.5,5.6088779851586364e-06,32,30,StandardScaler,"(128, 64, 32)",15,,True,one_hot_encoding,train_only,,,,0.6338582564182318,,0.42338768103056484,0.7906316536550745,,,0.6092943201376936,,0.6050870147255689,,,0.6058981233243967,,,,,,,,,,,,,,,0.6042780748663101,,,,,,0.8393118339485963,0.4224055012067159,,,0.8393164380376658,,,,,,0.1398470252752304,,,,,,,,,,,,,,,,,,,,,,,,,,,
tech-challenge-mlp,add336097c38409a8ba0232de38803e5,stylish-slug-552,FINISHED,2026-04-22 02:42:14,MLP,3b0bfab28a8101b4e4fdd08025a5c235,,42,,,,,,,,,,0.007234279845665418,100,30,adam,0.1,0.00026568139241144923,64,30,StandardScaler,"(256, 128, 64)",5,,True,one_hot_encoding,train_only,,,,0.6193281908560072,,0.4366467181179259,0.7913413768630234,,,0.5846153846153846,,0.5585585585585585,,,0.636986301369863,,,,,,,,,,,,,,,0.49732620320855614,,,,,,0.8367255130823851,0.41806663887601503,,,0.8311142111653621,,,,,,0.14349126815795898,,,,,,,,,,,,,,,,,,,,,,,,,,,
tech-challenge-mlp,5c34489b3f44439a9ff07d3b92492f9c,angry-mare-549,FINISHED,2026-04-22 02:42:10,MLP,3b0bfab28a8101b4e4fdd08025a5c235,,42,,,,,,,,,,0.0001155735281626988,100,30,adam,0.1,8.11392957263784e-05,128,30,StandardScaler,"(64, 32)",5,,False,one_hot_encoding,train_only,,,,0.6166419197653055,,0.40624484419822693,0.794889992902768,,,0.6026365348399246,,0.5980528511821975,,,0.6231884057971014,,,,,,,,,,,,,,,0.5748663101604278,,,,,,0.8510218947718949,0.427090456088384,,,0.8316618874163632,,,,,,0.1418565958738327,,,,,,,,,,,,,,,,,,,,,,,,,,,
tech-challenge-mlp,123b6ae0210c4b2a861210617de06272,spiffy-snail-244,FINISHED,2026-04-22 02:42:07,MLP,3b0bfab28a8101b4e4fdd08025a5c235,,42,,,,,,,,,,0.0059487468132197715,100,30,adam,0.4,2.6100256506134754e-05,128,30,StandardScaler,"(256, 128, 64)",10,,True,one_hot_encoding,train_only,,,,0.629142524517545,,0.4280142022503747,0.7991483321504613,,,0.5904761904761905,,0.5731523378582202,,,0.657439446366782,,,,,,,,,,,,,,,0.5080213903743316,,,,,,0.8442965183565871,0.40435908403661514,,,0.838275336485055,,,,,,0.1390295773744583,,,,,,,,,,,,,,,,,,,,,,,,,,,
tech-challenge-mlp,64634fd578e449b1add63fa460928212,luminous-snail-116,FINISHED,2026-04-22 02:42:02,MLP,3b0bfab28a8101b4e4fdd08025a5c235,,42,,,,,,,,,,0.0034877126245459306,100,30,adam,0.4,1.6677615430197902e-06,128,30,StandardScaler,"(128, 64, 32)",10,,True,one_hot_encoding,train_only,,,,0.6289894468004247,,0.4246411058637831,0.794180269694819,,,0.5963636363636363,,0.5926966292134831,,,0.6242603550295858,,,,,,,,,,,,,,,0.5641711229946524,,,,,,0.8401533494753834,0.40250261541869903,,,0.8374512387300111,,,,,,0.13989339768886566,,,,,,,,,,,,,,,,,,,,,,,,,,,
tech-challenge-mlp,e1581547bc9f46798d8cdaf43deb6748,mercurial-cat-906,FINISHED,2026-04-22 02:41:52,MLP,3b0bfab28a8101b4e4fdd08025a5c235,,42,,,,,,,,,,0.0003646439558980723,100,30,adam,0.2,4.247058562261871e-05,64,30,StandardScaler,"(256, 128, 64)",15,,True,one_hot_encoding,train_only,,,,0.6193899908253422,,0.43741947909196216,0.7863733144073811,,,0.5993377483443708,,0.600265604249668,,,0.5963060686015831,,,,,,,,,,,,,,,0.6042780748663101,,,,,,0.8327235772357724,0.39446769927588987,,,0.8376811594202898,,,,,,0.14174884557724,,,,,,,,,,,,,,,,,,,,,,,,,,,
tech-challenge-mlp,6de6a25aed82431d91a65de08863551d,treasured-owl-725,FINISHED,2026-04-22 02:41:49,MLP,3b0bfab28a8101b4e4fdd08025a5c235,,42,,,,,,,,,,0.007568292060167618,100,30,adam,0.4,0.00048359527764659497,64,30,StandardScaler,"(256, 128, 64)",5,,False,one_hot_encoding,train_only,,,,0.6300150251017654,,0.4148527416918013,0.794180269694819,,,0.5748502994011976,,0.5684523809523809,,,0.6409395973154363,,,,,,,,,,,,,,,0.5106951871657754,,,,,,0.8423153692614771,0.4102303129686436,,,0.838528507582216,,,,,,0.1392163187265396,,,,,,,,,,,,,,,,,,,,,,,,,,,
tech-challenge-mlp,f3b27e179b1f4bf582d1b22befb47008,fun-boar-32,FINISHED,2026-04-22 02:41:43,MLP,3b0bfab28a8101b4e4fdd08025a5c235,,42,,,,,,,,,,0.00017541893487450815,100,30,adam,0.30000000000000004,3.058656666978529e-05,64,30,StandardScaler,"(256, 128, 64)",10,,False,one_hot_encoding,train_only,,,,0.62701038787965,,0.42142414384418064,0.794180269694819,,,0.6438356164383562,,0.5972222222222222,,,0.6213872832369942,,,,,,,,,,,,,,,0.5748663101604278,,,,,,0.8484720904490829,0.4084542928866937,,,0.839977782944535,,,,,,0.13924150168895721,,,,,,,,,,,,,,,,,,,,,,,,,,,
tech-challenge-mlp,c0c11a144b8642e8ad15ae8f4e6680ee,tasteful-asp-758,FINISHED,2026-04-22 02:41:21,MLP,3b0bfab28a8101b4e4fdd08025a5c235,,42,,,,,,,,,,0.0015304852121831476,100,30,adam,0.30000000000000004,1.3783237455007196e-06,32,30,StandardScaler,"(128, 64, 32)",15,,True,one_hot_encoding,train_only,,,,0.633219933449905,,0.39792848916517365,0.794180269694819,,,0.6023166023166023,,0.5903954802259888,,,0.625748502994012,,,,,,,,,,,,,,,0.5588235294117647,,,,,,0.8488134267113997,0.41976958946556064,,,0.8399080317238885,,,,,,0.1388176679611206,,,,,,,,,,,,,,,,,,,,,,,,,,,
tech-challenge-mlp,48b6325093b14a418c616cee598d341b,silent-loon-237,FINISHED,2026-04-22 02:41:18,MLP,3b0bfab28a8101b4e4fdd08025a5c235,,42,,,,,,,,,,0.0004059611610484307,100,30,adam,0.1,3.752055855124284e-05,128,30,StandardScaler,"(64, 32)",5,,False,one_hot_encoding,train_only,,,,0.6206750671720995,,0.45041802194383407,0.7920511000709723,,,0.5874363327674024,,0.5820256776034237,,,0.6238532110091743,,,,,,,,,,,,,,,0.5454545454545454,,,,,,0.8278402875449287,0.40668153017759323,,,0.838246919321088,,,,,,0.1399199366569519,,,,,,,,,,,,,,,,,,,,,,,,,,,
tech-challenge-mlp,878a0e1e02d14e74aafb20166b5ef80d,silent-colt-797,FINISHED,2026-04-22 02:41:08,MLP,3b0bfab28a8101b4e4fdd08025a5c235,,42,,,,,,,,,,0.0002051338263087451,100,30,adam,0.30000000000000004,2.9375384576328313e-06,64,30,StandardScaler,"(128, 64, 32)",15,,False,one_hot_encoding,train_only,,,,0.6273377434353297,,0.42531612681017983,0.7877927608232789,,,0.5740740740740741,,0.5841446453407511,,,0.6086956521739131,,,,,,,,,,,,,,,0.5614973262032086,,,,,,0.8348456974277381,0.4147497915046316,,,0.8379834147097575,,,,,,0.13995176553726196,,,,,,,,,,,,,,,,,,,,,,,,,,,
tech-challenge-mlp,30220e20ec3b422e90387bc47811f01e,capricious-ape-815,FINISHED,2026-04-22 02:41:08,,,,,,,,,,,,,,,,,,,,,,,,,,,,,,,,,,,,,,,,,,,,,,,,,,,,,,,,,,,,,,,,,,,,,,,,,,,,,,,,0.6338582564182318,,"(128, 64, 32)",True,5.6088779851586364e-06,32,0.0013776418164638798,15,,20,,optuna,0.5,,,,,,,,,
tech-challenge-mlp,a8d6a92cd39a4141aad1c2d4edbba64a,abundant-horse-873,FINISHED,2026-04-22 02:27:52,MLP,3b0bfab28a8101b4e4fdd08025a5c235,,42,,,,,,,,,,0.001,100,30,adam,0.3,1e-05,64,30,StandardScaler,"(128, 64, 32)",5,,True,one_hot_encoding,train_only,0.2427253371185238,,0.027866522105367067,0.6300687381318072,0.1,0.423336911532614,0.7885024840312278,0.7,79500.0,0.5797101449275363,,0.5906593406593407,,0.15613910574875797,0.6073446327683616,,0.44919786096256686,37350.0,0.75,,0.6476868327402135,0.20053475935828877,0.48663101604278075,,6950.0,0.4117647058823529,,0.7754010695187166,0.6011355571327183,0.5748663101604278,0.7285714285714285,0.09917355371900827,,,,0.8360763060196235,0.4076118972939505,,,0.8377638275336485,0.672,86450.0,,,0.39766081871345027,0.13983426988124847,0.548,0.13903743315508021,0.732620320855615,0.7428571428571429,0.2727272727272727,,,,,,,,,,,,,,,,,,,,,,
tech-challenge-mlp,d329bf238d464b9b9c41ec59a04a531c,likeable-lark-929,FINISHED,2026-04-22 00:54:28,MLP,3b0bfab28a8101b4e4fdd08025a5c235,,42,,,,,,,,,,0.001,100,30,adam,0.3,1e-05,64,30,StandardScaler,"(128, 64, 32)",5,,True,one_hot_encoding,train_only,,,,0.6300687381318072,,0.423336911532614,0.7885024840312278,,,0.5797101449275363,,0.5906593406593407,,,0.6073446327683616,,,,,,,,,,,,,,,0.5748663101604278,,,,,,0.8360763060196235,0.4076118972939505,,,0.8377638275336485,,,,,,,,,,,,,,,,,,,,,,,,,,,,,,,,,
tech-challenge-logistic-regression,cb3b89fc4c844f44b5378b737648a62e,placid-ant-487,FINISHED,2026-05-05 14:41:48,LogisticRegression,3b0bfab28a8101b4e4fdd08025a5c235,,42,,,,,,,,,,,,,,,,,,StandardScaler,,,5,,sklearn_pipeline,,,0.7919732441471573,,0.6212933708365987,,,0.7327647476901208,,,,0.007988308546633942,0.6075156576200418,0.6319212974607223,,0.4982876712328767,0.005146712374885247,,,,0.003607072773058369,,,,0.0064197226969841025,,,0.7548444444444444,,,0.7780748663101604,,,0.8457627118644068,0.16267489203313615,0.010486538310666425,,,0.6591471565456646,0.010748997236738174,0.8332138364454292,,,0.5257497696359366,0.018729096989966543,,0.17159291527831874,,,,,,,,,,,,,,,,,,,,19,OneHotEncoder(drop=first),SMOTE,30,median(numeric)_constant(categorical),1000,,
tech-challenge-logistic-regression,6e4eb58640924b7882a29d02aa2dbaf6,nosy-crane-454,FINISHED,2026-05-04 12:30:01,LogisticRegression,3b0bfab28a8101b4e4fdd08025a5c235,,42,,,,,,,,,,,,,,,,,,StandardScaler,,,5,,sklearn_pipeline,,,0.7919732441471573,,0.6212933708365987,,,0.7327647476901208,,,,0.007988308546633942,0.6075156576200418,,,0.4982876712328767,0.005146712374885247,,,,,,,,0.0064197226969841025,,,0.7548444444444444,,,0.7780748663101604,,,0.8457627118644068,,,,,,,0.8332138364454292,,,0.5257497696359366,0.018729096989966543,,0.17159291527831874,,,,,,,,,,,,,,,,,,,,19,OneHotEncoder(drop=first),SMOTE,30,median(numeric)_constant(categorical),1000,0.6319212974607223,0.010748997236738174
tech-challenge-logistic-regression,429bf5dfbe4943be926ba49033fb44b3,thoughtful-boar-828,FINISHED,2026-05-04 12:10:06,LogisticRegression,3b0bfab28a8101b4e4fdd08025a5c235,,42,,,,,,,,,,,,,,,,,,StandardScaler,,,5,,sklearn_pipeline,,,0.7919732441471573,,0.6212933708365987,,,0.7327647476901208,,,,0.007988308546633942,0.6075156576200418,,,0.4982876712328767,0.005146712374885247,,,,,,,,0.0064197226969841025,,,0.7548444444444444,,,0.7780748663101604,,,0.8457627118644068,,,,,,,0.8332138364454292,,,0.5257497696359366,0.018729096989966543,,0.17159291527831874,,,,,,,,,,,,,,,,,,,,19,OneHotEncoder(drop=first),SMOTE,30,median(numeric)_constant(categorical),1000,0.6319212974607223,0.010748997236738174
tech-challenge-logistic-regression,e7294e9ec6974f789e944c9059b5c25e,unleashed-sloth-649,FINISHED,2026-05-03 23:21:43,LogisticRegression,3b0bfab28a8101b4e4fdd08025a5c235,,42,,,,,,,,,,,,,,,,,,StandardScaler,,,5,,sklearn_pipeline,,,0.7919732441471573,,0.6212933708365987,,,0.7327647476901208,,,,0.007988308546633942,0.6075156576200418,,,0.4982876712328767,0.005146712374885247,,,,,,,,0.0064197226969841025,,,0.7548444444444444,,,0.7780748663101604,,,0.8457627118644068,,,,,,,0.8332138364454292,,,0.5257497696359366,0.018729096989966543,,0.17159291527831874,,,,,,,,,,,,,,,,,,,,19,OneHotEncoder(drop=first),SMOTE,30,median(numeric)_constant(categorical),1000,0.6319212974607223,0.010748997236738174
tech-challenge-logistic-regression,2d1d842f0b934bd9ad2e7120e54dd58f,judicious-lark-675,FINISHED,2026-05-02 20:56:36,LogisticRegression,3b0bfab28a8101b4e4fdd08025a5c235,,42,,,,,,,,,,,,30,,,,,,StandardScaler,,,5,,one_hot_encoding,train_only,,0.5478260869565217,,0.6214815556431029,,,0.8038379530916845,,,,0.02782134993145004,0.6090651558073654,,,0.6475903614457831,0.0051676444426653,,,,,,,,0.011488351588553604,,,0.8023111111111112,,,0.5748663101604278,,,0.8460680071586484,,,,,,,0.8356727976766699,,,0.6529391973953231,0.024430745642474463,,0.1401753031576626,,,,,,,,,,,,,,,,,,,,,,,,,1000,0.595587394143656,0.023576021141650846
tech-challenge-logistic-regression,deb2da5c9b2844739e2892f38f8abb9f,puzzled-vole-577,FINISHED,2026-05-02 20:39:28,LogisticRegression,3b0bfab28a8101b4e4fdd08025a5c235,,42,,,,,,,,,,,,30,,,,,,StandardScaler,,,5,,one_hot_encoding,train_only,,0.5478260869565217,,0.6214815556431029,,,0.8038379530916845,,,,0.02782134993145004,0.6090651558073654,,,0.6475903614457831,0.0051676444426653,,,,,,,,0.011488351588553604,,,0.8023111111111112,,,0.5748663101604278,,,0.8460680071586484,,,,,,,0.8356727976766699,,,0.6529391973953231,0.024430745642474463,,0.1401753031576626,,,,,,,,,,,,,,,,,,,,,,,,,1000,0.595587394143656,0.023576021141650846
tech-challenge-logistic-regression,3092141e02654e9c83c9ff8a5010b3cd,flawless-gnat-888,FINISHED,2026-05-02 20:18:52,LogisticRegression,3b0bfab28a8101b4e4fdd08025a5c235,,42,,,,,,,,,,,,30,,,,,,StandardScaler,,,5,,one_hot_encoding,train_only,,0.5478260869565217,,0.6214815556431029,,,0.8038379530916845,,,,0.02782134993145004,0.6090651558073654,,,0.6475903614457831,0.0051676444426653,,,,,,,,0.011488351588553604,,,0.8023111111111112,,,0.5748663101604278,,,0.8460680071586484,,,,,,,0.8356727976766699,,,0.6529391973953231,0.024430745642474463,,0.1401753031576626,,,,,,,,,,,,,,,,,,,,,,,,,1000,0.595587394143656,0.023576021141650846
tech-challenge-logistic-regression,2aa3816d504041c68997c150621aa901,enthused-shrew-42,FINISHED,2026-05-02 20:16:06,LogisticRegression,3b0bfab28a8101b4e4fdd08025a5c235,,42,,,,,,,,,,,,30,,,,,,StandardScaler,,,5,,one_hot_encoding,train_only,,0.5478260869565217,,0.6214815556431029,,,0.8038379530916845,,,,0.02782134993145004,0.6090651558073654,,,0.6475903614457831,0.0051676444426653,,,,,,,,0.011488351588553604,,,0.8023111111111112,,,0.5748663101604278,,,0.8460680071586484,,,,,,,0.8356727976766699,,,0.6529391973953231,0.024430745642474463,,0.1401753031576626,,,,,,,,,,,,,,,,,,,,,,,,,1000,0.595587394143656,0.023576021141650846
tech-challenge-logistic-regression,a029d333d5d24fc4b5640f27488159f5,traveling-gnat-289,FINISHED,2026-05-02 20:11:28,LogisticRegression,3b0bfab28a8101b4e4fdd08025a5c235,,42,,,,,,,,,,,,30,,,,,,StandardScaler,,,5,,one_hot_encoding,train_only,,0.5478260869565217,,0.6214815556431029,,,0.8038379530916845,,,,0.02782134993145004,0.6090651558073654,,,0.6475903614457831,0.0051676444426653,,,,,,,,0.011488351588553604,,,0.8023111111111112,,,0.5748663101604278,,,0.8460680071586484,,,,,,,0.8356727976766699,,,0.6529391973953231,0.024430745642474463,,0.1401753031576626,,,,,,,,,,,,,,,,,,,,,,,,,1000,0.595587394143656,0.023576021141650846
tech-challenge-logistic-regression,de865ecf2bc148fd829b8ed6067fc6b7,overjoyed-snail-609,FINISHED,2026-05-01 18:34:13,LogisticRegression,3b0bfab28a8101b4e4fdd08025a5c235,,42,,,,,,,,,,,,30,,,,,,StandardScaler,,,5,,one_hot_encoding,train_only,,0.5478260869565217,,0.6214815556431029,,,0.8038379530916845,,,,0.02782134993145004,0.6090651558073654,,,0.6475903614457831,0.0051676444426653,,,,,,,,0.011488351588553604,,,0.8023111111111112,,,0.5748663101604278,,,0.8460680071586484,,,,,,,0.8356727976766699,,,0.6529391973953231,0.024430745642474463,,0.1401753031576626,,,,,,,,,,,,,,,,,,,,,,,,,1000,0.595587394143656,0.023576021141650846
tech-challenge-logistic-regression,71e643ef960748318c2ebd309932fed5,calm-bee-577,FINISHED,2026-04-30 03:21:04,LogisticRegression,3b0bfab28a8101b4e4fdd08025a5c235,,42,,,,,,,,,,,,30,,,,,,StandardScaler,,,5,,one_hot_encoding,train_only,,0.5478260869565217,,0.6214815556431029,,,0.8038379530916845,,,,0.02782134993145004,0.6090651558073654,,,0.6475903614457831,0.0051676444426653,,,,,,,,0.011488351588553604,,,0.8023111111111112,,,0.5748663101604278,,,0.8460680071586484,,,,,,,0.8356727976766699,,,0.6529391973953231,0.024430745642474463,,0.1401753031576626,,,,,,,,,,,,,,,,,,,,,,,,,1000,0.595587394143656,0.023576021141650846
tech-challenge-logistic-regression,7c756502469644f390166e142d513e8f,handsome-squid-175,FINISHED,2026-04-30 03:17:17,LogisticRegression,3b0bfab28a8101b4e4fdd08025a5c235,,42,,,,,,,,,,,,30,,,,,,StandardScaler,,,5,,one_hot_encoding,train_only,,0.5478260869565217,,0.6214815556431029,,,0.8038379530916845,,,,0.02782134993145004,0.6090651558073654,,,0.6475903614457831,0.0051676444426653,,,,,,,,0.011488351588553604,,,0.8023111111111112,,,0.5748663101604278,,,0.8460680071586484,,,,,,,0.8356727976766699,,,0.6529391973953231,0.024430745642474463,,0.1401753031576626,,,,,,,,,,,,,,,,,,,,,,,,,1000,0.595587394143656,0.023576021141650846
tech-challenge-logistic-regression,52ff96f75be84a649fdc21fbd67bbb40,mysterious-newt-86,FINISHED,2026-04-30 02:37:41,LogisticRegression,3b0bfab28a8101b4e4fdd08025a5c235,,42,,,,,,,,,,,,30,,,,,,StandardScaler,,,5,,one_hot_encoding,train_only,,0.5478260869565217,,0.6214815556431029,,,0.8038379530916845,,,,0.02782134993145004,0.6090651558073654,,,0.6475903614457831,0.0051676444426653,,,,,,,,0.011488351588553604,,,0.8023111111111112,,,0.5748663101604278,,,0.8460680071586484,,,,,,,0.8356727976766699,,,0.6529391973953231,0.024430745642474463,,0.1401753031576626,,,,,,,,,,,,,,,,,,,,,,,,,1000,0.595587394143656,0.023576021141650846
